"id","client_name","address_line","city","state","country","zip_code","created_at","updated_at"
1,Sean Beer,"294 Madge Ports",Nienowside,North Carolina,Armenia,"43203",2019-07-30 14:33:42,2019-07-30 14:33:42
2,Magdalena McClure,"6227 Foster Hills",Lake Tommy,Idaho,San Marino,"41998",2019-07-30 14:33:42,2019-07-30 14:33:42
3,Billy VonRueden,"155 Niki Station",West Lavernbury,Idaho,Niue,"52215",2019-07-30 14:33:42,2019-07-30 14:33:42
4,Kristan Lind,"2846 Jeanene Spring",Port Tynisha,Wyoming,Anguilla,"36628",2019-07-30 14:33:42,2019-07-30 14:33:42
5,Miss Elton Senger,"598 Stracke Unions",Runolfssonchester,Ohio,Panama,"66912",2019-07-30 14:33:42,2019-07-30 14:33:42
6,Mirna Greenfelder,"85289 Dwain Divide",West Charleen,Pennsylvania,Singapore,"18541",2019-07-30 14:33:42,2019-07-30 14:33:42
7,Leone Howell,"7450 Neely Island",West Brande,Maine,Venezuela,"19265",2019-07-30 14:33:42,2019-07-30 14:33:42
8,Madeleine Breitenberg,"896 Horacio Keys",Waterston,Wyoming,Rwanda,"96889",2019-07-30 14:33:42,2019-07-30 14:33:42
9,Dr. Granville Klein,"32847 Scotty Common",North Wanettafort,Alaska,Yemen,"98940",2019-07-30 14:33:42,2019-07-30 14:33:42
10,Lionel Zieme,"79231 Hills Centers",Rutherfordburgh,Pennsylvania,Sweden,"99291",2019-07-30 14:33:43,2019-07-30 14:33:43
11,Britt Leannon III,"601 Sanda Stream",Criseldaton,Idaho,Armenia,"44993",2019-07-30 14:33:43,2019-07-30 14:33:43
12,Margo Predovic,"1576 Marline Trafficway",West Roccoside,South Carolina,Cocos (Keeling) Islands,"90222",2019-07-30 14:33:43,2019-07-30 14:33:43
13,Elias Rogahn,"288 Reichert Drive",Lake Ruthieland,Arkansas,Guyana,"80265",2019-07-30 14:33:43,2019-07-30 14:33:43
14,Gertrudis Dicki,"2836 Davis Crescent",East Trula,Michigan,Congo,"67949",2019-07-30 14:33:43,2019-07-30 14:33:43
15,Walton McKenzie,"98036 Roberts Grove",South Winston,Delaware,Poland,"92446",2019-07-30 14:33:43,2019-07-30 14:33:43
16,Debbra Sawayn,"244 Murphy Via",Gusikowskiton,Kentucky,El Salvador,"49614",2019-07-30 14:33:43,2019-07-30 14:33:43
17,Leif Hirthe,"2632 Penny Gateway",South Prince,South Carolina,American Samoa,"68689",2019-07-30 14:33:43,2019-07-30 14:33:43
18,Taylor Cormier IV,"55886 Schamberger Club",Precioustown,Arkansas,Colombia,"51905",2019-07-30 14:33:43,2019-07-30 14:33:43
19,Miss Pattie Friesen,"893 Carol Crossing",New Alina,Georgia,Nauru,"11405",2019-07-30 14:33:43,2019-07-30 14:33:43
20,Madalene Bogisich PhD,"2243 Lissa Curve",Seymourland,Hawaii,"Virgin Islands, British","53605",2019-07-30 14:33:43,2019-07-30 14:33:43
21,Clayton Stracke,"59032 Nelly Spring",Port Russside,Delaware,Kuwait,"10753",2019-07-30 14:33:43,2019-07-30 14:33:43
22,Gregory Walker,"440 Erwin Inlet",Nishaton,Oklahoma,Benin,"85705",2019-07-30 14:33:43,2019-07-30 14:33:43
23,Kanisha Rau,"4742 Huels Tunnel",Lake Shena,North Dakota,Tanzania,"55923",2019-07-30 14:33:43,2019-07-30 14:33:43
24,Miss Amira Roob,"24837 Dannie Springs",Sebastianbury,North Carolina,Fiji,"80461",2019-07-30 14:33:43,2019-07-30 14:33:43
25,Herman Langworth,"3315 MacGyver Views",Elabury,Massachusetts,Jordan,"71167",2019-07-30 14:33:43,2019-07-30 14:33:43
26,Joeann Prosacco,"767 Bartoletti Course",Connellychester,Connecticut,Anguilla,"81757",2019-07-30 14:33:43,2019-07-30 14:33:43
27,Houston Cruickshank,"497 Schoen Center",Horacioland,Arizona,Montenegro,"12970",2019-07-30 14:33:43,2019-07-30 14:33:43
28,Thanh Rodriguez,"198 Reynolds Orchard",Hickleside,Nebraska,Comoros,"25459",2019-07-30 14:33:43,2019-07-30 14:33:43
29,Marcelino Heller MD,"4920 Philip Expressway",Ortizborough,Ohio,Honduras,"29260",2019-07-30 14:33:43,2019-07-30 14:33:43
30,Felton Leffler,"31389 Frankie Road",New Jacksonton,Oregon,Cook Islands,"11912",2019-07-30 14:33:43,2019-07-30 14:33:43
31,Roselyn Cruickshank,"79594 Mary Passage",Fanniestad,Nevada,Equatorial Guinea,"62401",2019-07-30 14:33:43,2019-07-30 14:33:43
32,Harley Friesen,"25922 Dan Junction",Port Bo,Illinois,Niger,"86164",2019-07-30 14:33:43,2019-07-30 14:33:43
33,Vanesa Lindgren,"81646 Galen Plains",Shalatown,Massachusetts,Central African Republic,"48432",2019-07-30 14:33:43,2019-07-30 14:33:43
34,Hong Deckow,"44176 Roseanne Ville",D'Amorehaven,Wyoming,Zimbabwe,"23106",2019-07-30 14:33:43,2019-07-30 14:33:43
35,Geneva Muller,"62148 Parker Streets",New Cruz,Tennessee,Singapore,"37230",2019-07-30 14:33:43,2019-07-30 14:33:43
36,Alpha Okuneva,"5508 Gerardo Freeway",Redafurt,West Virginia,Iraq,"29994",2019-07-30 14:33:43,2019-07-30 14:33:43
37,Jolie Kreiger,"893 Shanahan Rue",East Rubenbury,Minnesota,Algeria,"19627",2019-07-30 14:33:43,2019-07-30 14:33:43
38,Raguel Barton IV,"570 Devin Ways",East Blairberg,New York,New Zealand,"78768",2019-07-30 14:33:43,2019-07-30 14:33:43
39,Margeret Jaskolski,"821 VonRueden Common",Collierview,New Mexico,Madagascar,"24794",2019-07-30 14:33:43,2019-07-30 14:33:43
40,Nan Rath,"8359 Koss Estates",West Lara,Nebraska,Cameroon,"12739",2019-07-30 14:33:43,2019-07-30 14:33:43
41,Adrian Beahan,"1684 Loretta Ferry",New Raymundomouth,Utah,Liechtenstein,"64766",2019-07-30 14:33:43,2019-07-30 14:33:43
42,Eugena Robel IV,"8683 Lavelle Oval",Roscoeville,Louisiana,Mali,"47924",2019-07-30 14:33:43,2019-07-30 14:33:43
43,Genia Cartwright II,"1070 Hauck Light",Schambergerstad,Washington,Singapore,"76668",2019-07-30 14:33:43,2019-07-30 14:33:43
44,Chara O'Hara Sr.,"85706 Kunde Inlet",Donnellshire,Georgia,Finland,"48608",2019-07-30 14:33:43,2019-07-30 14:33:43
45,Shanel Hand,"691 Reanna Estates",Chadwickland,Ohio,Costa Rica,"89999",2019-07-30 14:33:43,2019-07-30 14:33:43
46,Anton Watsica,"82532 Denesik Rapid",Haagside,Delaware,Holy See (Vatican City State),"99713",2019-07-30 14:33:43,2019-07-30 14:33:43
47,Miss Maddie Walter,"757 Barabara Valley",Lynchborough,Maryland,Zimbabwe,"55626",2019-07-30 14:33:43,2019-07-30 14:33:43
48,Emanuel Grant I,"44863 Halvorson Passage",New Sierraland,Nevada,Bulgaria,"86089",2019-07-30 14:33:43,2019-07-30 14:33:43
49,Patrica Funk,"5227 Herzog Forges",West Elmo,Ohio,Libyan Arab Jamahiriya,"57003",2019-07-30 14:33:43,2019-07-30 14:33:43
50,Iluminada Rohan,"5147 Antonietta Row",South Sylviachester,Virginia,Kuwait,"83807",2019-07-30 14:33:43,2019-07-30 14:33:43
51,Moshe Reinger,"830 Morar Loop",Kosston,Wisconsin,French Polynesia,"69336",2019-07-30 14:33:43,2019-07-30 14:33:43
52,Ms. Jamison Berge,"8086 Tromp Track",Terencemouth,Montana,French Southern Territories,"77031",2019-07-30 14:33:43,2019-07-30 14:33:43
53,Lourie Senger III,"9205 Conn Wells",North Flo,Maine,Venezuela,"76694",2019-07-30 14:33:43,2019-07-30 14:33:43
54,Modesta Gislason,"9018 Rosenbaum Cliff",New Ofelia,Oregon,Canada,"96423",2019-07-30 14:33:43,2019-07-30 14:33:43
55,Lewis Bernier,"22451 Laraine Glen",Dachmouth,Texas,Qatar,"58605",2019-07-30 14:33:43,2019-07-30 14:33:43
56,Raymundo Herzog III,"13747 Andrea Valleys",Lake Brookeville,Nevada,Cote d'Ivoire,"75073",2019-07-30 14:33:43,2019-07-30 14:33:43
57,Jonas Cummerata,"3986 Claudio Radial",Stantonstad,New Jersey,South Africa,"42623",2019-07-30 14:33:43,2019-07-30 14:33:43
58,Craig Reichel,"18784 Kshlerin Drives",South Jospehbury,New Hampshire,Gambia,"95447",2019-07-30 14:33:43,2019-07-30 14:33:43
59,Liz Tromp,"1415 Metz Island",North Dylanchester,Illinois,Cote d'Ivoire,"44619",2019-07-30 14:33:43,2019-07-30 14:33:43
60,Mindy Kohler,"92604 Lehner Tunnel",New Lia,Montana,Gambia,"34747",2019-07-30 14:33:43,2019-07-30 14:33:43
61,Miss Leo Walsh,"80724 Tyler Circle",North Quentin,North Dakota,Saint Kitts and Nevis,"30108",2019-07-30 14:33:43,2019-07-30 14:33:43
62,Lowell Blanda,"411 Cathrine Overpass",Katelynchester,Florida,Colombia,"23760",2019-07-30 14:33:43,2019-07-30 14:33:43
63,Terrell Denesik,"47973 Sergio Port",East Gilbertland,Missouri,Benin,"39892",2019-07-30 14:33:43,2019-07-30 14:33:43
64,Rick Shields I,"260 Brady Mission",North Owenmouth,Pennsylvania,Isle of Man,"86820",2019-07-30 14:33:43,2019-07-30 14:33:43
65,Kim Ullrich,"1059 Boyer Spring",South Dougshire,Wyoming,Suriname,"38977",2019-07-30 14:33:43,2019-07-30 14:33:43
66,Chastity Simonis,"719 D'Amore Dale",Armstrongfurt,Florida,Slovakia (Slovak Republic),"85646",2019-07-30 14:33:43,2019-07-30 14:33:43
67,Chelsie Considine,"486 Stoltenberg Tunnel",South Gilbertemouth,North Carolina,Mongolia,"15919",2019-07-30 14:33:43,2019-07-30 14:33:43
68,Drew Bernier,"17268 Stan Ports",New Darrick,Arizona,Mayotte,"36714",2019-07-30 14:33:43,2019-07-30 14:33:43
69,Lyndsay Schultz DDS,"813 Hosea Highway",Schultzberg,Iowa,Thailand,"85449",2019-07-30 14:33:43,2019-07-30 14:33:43
70,Mr. Mercedes Koepp,"1524 Schulist Throughway",Port Lonnie,Louisiana,Iran,"76136",2019-07-30 14:33:43,2019-07-30 14:33:43
71,Philip Wuckert III,"2080 Wilderman Grove",Lake Leoview,Vermont,Cuba,"77231",2019-07-30 14:33:43,2019-07-30 14:33:43
72,Dr. Lucas Hyatt,"13469 Elmer Causeway",Vitobury,California,Venezuela,"48446",2019-07-30 14:33:43,2019-07-30 14:33:43
73,Woodrow Ondricka,"95280 Harvey Highway",Opheliafurt,Hawaii,Greece,"93538",2019-07-30 14:33:43,2019-07-30 14:33:43
74,Mrs. Rich Runolfsson,"190 Evan Neck",South Aliland,Utah,Seychelles,"23880",2019-07-30 14:33:43,2019-07-30 14:33:43
75,Fawn Dicki,"94823 Adriene Cape",West Carlton,Nebraska,Cook Islands,"20024",2019-07-30 14:33:43,2019-07-30 14:33:43
76,Walker O'Keefe Jr.,"39599 Ulysses Groves",Borerborough,Pennsylvania,Tokelau,"25587",2019-07-30 14:33:43,2019-07-30 14:33:43
77,Lai Little,"5795 Gleichner Fort",South Breana,Tennessee,Uzbekistan,"39417",2019-07-30 14:33:43,2019-07-30 14:33:43
78,Fern Borer,"983 Gislason Neck",O'Connellstad,Washington,French Guiana,"38239",2019-07-30 14:33:43,2019-07-30 14:33:43
79,Bert Stroman,"57535 Will Village",Charleentown,Colorado,Oman,"52890",2019-07-30 14:33:43,2019-07-30 14:33:43
80,Beth Bradtke,"8983 Cartwright Stravenue",Lake Randabury,Alaska,Anguilla,"96974",2019-07-30 14:33:43,2019-07-30 14:33:43
81,Neil Kuhic,"437 Keven Common",East Delbert,Arizona,Croatia,"44150",2019-07-30 14:33:43,2019-07-30 14:33:43
82,Miss Ronald Bernhard,"802 Machelle Lights",Reichelshire,Maine,Azerbaijan,"81153",2019-07-30 14:33:43,2019-07-30 14:33:43
83,Raymond Leannon,"79710 Hammes Causeway",Dickinsonville,Minnesota,Eritrea,"79267",2019-07-30 14:33:43,2019-07-30 14:33:43
84,Robby Wunsch,"216 Auer Wells",Reingermouth,Texas,Switzerland,"79710",2019-07-30 14:33:43,2019-07-30 14:33:43
85,Horacio Daniel,"787 Hirthe River",Reillyshire,Connecticut,Mozambique,"29190",2019-07-30 14:33:43,2019-07-30 14:33:43
86,Cole Rosenbaum,"63703 Champlin Tunnel",East Arron,Pennsylvania,Equatorial Guinea,"52848",2019-07-30 14:33:43,2019-07-30 14:33:43
87,Alfredo Effertz,"710 Wunsch Shoals",East Maryburgh,Minnesota,Uganda,"97536",2019-07-30 14:33:43,2019-07-30 14:33:43
88,Faith Mueller,"639 Cameron Unions",Port Raymonhaven,Montana,Mauritius,"64623",2019-07-30 14:33:43,2019-07-30 14:33:43
89,Rex Berge,"54841 Landon Passage",West Jorge,Colorado,Mali,"76875",2019-07-30 14:33:43,2019-07-30 14:33:43
90,Darcel Reynolds,"440 Parker Gateway",North Andrewville,Colorado,Chile,"50104",2019-07-30 14:33:43,2019-07-30 14:33:43
91,Rene Boyle Jr.,"401 Winford Lights",West Billieland,Maine,Reunion,"30805",2019-07-30 14:33:43,2019-07-30 14:33:43
92,Miss Stefan Murray,"53572 Cormier Forges",Sengerview,New Jersey,Algeria,"47212",2019-07-30 14:33:43,2019-07-30 14:33:43
93,Mellisa Borer,"37709 Pouros Groves",Hayestown,Idaho,Bosnia and Herzegovina,"69976",2019-07-30 14:33:43,2019-07-30 14:33:43
94,Numbers Schmitt IV,"8411 Lala Heights",Blandaview,Tennessee,Comoros,"41270",2019-07-30 14:33:43,2019-07-30 14:33:43
95,Steven Upton,"5541 Latoria Field",South Hans,Mississippi,Cote d'Ivoire,"93936",2019-07-30 14:33:43,2019-07-30 14:33:43
96,Mr. Matthew Cassin,"714 Corey Ports",Stephainebury,Arkansas,Turkmenistan,"61761",2019-07-30 14:33:43,2019-07-30 14:33:43
97,Velda West Jr.,"170 Darlena Crossing",Ernserville,Maryland,Falkland Islands (Malvinas),"79634",2019-07-30 14:33:43,2019-07-30 14:33:43
98,Sheba Willms,"88627 Damian Road",Victorchester,South Dakota,Azerbaijan,"33414",2019-07-30 14:33:43,2019-07-30 14:33:43
99,Clayton Homenick,"8503 Stanton Junctions",O'Connertown,Arizona,Germany,"16323",2019-07-30 14:33:43,2019-07-30 14:33:43
100,Derrick Torp,"749 Roob Vista",West Hungport,Vermont,Lithuania,"54066",2019-07-30 14:33:43,2019-07-30 14:33:43
101,Kesha Wehner,"60226 Elissa Plaza",East Santo,Florida,South Africa,"69481",2019-07-30 14:33:43,2019-07-30 14:33:43
102,Toney Schoen,"75732 Hahn Stravenue",Pasqualeborough,Arkansas,Poland,"91961",2019-07-30 14:33:43,2019-07-30 14:33:43
103,Bernie Graham,"7723 Medhurst Union",Traceychester,Delaware,Montenegro,"16400",2019-07-30 14:33:43,2019-07-30 14:33:43
104,Dong Kuhic Sr.,"569 Dewayne Views",East Owen,Rhode Island,Qatar,"61685",2019-07-30 14:33:43,2019-07-30 14:33:43
105,Efrain Wilderman,"5580 Greg Views",Litaside,Delaware,Iceland,"97070",2019-07-30 14:33:43,2019-07-30 14:33:43
106,Jarrett Padberg,"845 Schroeder Mission",Mandyborough,Hawaii,Kazakhstan,"95301",2019-07-30 14:33:43,2019-07-30 14:33:43
107,Ms. Shantae Hermann,"606 Martina Village",Baumbachshire,California,United Arab Emirates,"93077",2019-07-30 14:33:43,2019-07-30 14:33:43
108,Jefferson Stoltenberg,"3760 Jason Light",Port Larrainehaven,Ohio,Republic of Korea,"84182",2019-07-30 14:33:43,2019-07-30 14:33:43
109,Ms. Siobhan Crooks,"9290 Cathleen Corners",Eulaliaside,Mississippi,Falkland Islands (Malvinas),"53710",2019-07-30 14:33:43,2019-07-30 14:33:43
110,Sheron Schultz MD,"52663 Cordelia Parkways",Port Filibertofort,Arkansas,Canada,"39663",2019-07-30 14:33:43,2019-07-30 14:33:43
111,Paulita Will,"1280 Kathrine Junction",Port Yahairahaven,Vermont,Namibia,"67481",2019-07-30 14:33:43,2019-07-30 14:33:43
112,Oliver Skiles DVM,"97036 Kiehn Fall",West Deborah,New York,Tonga,"37565",2019-07-30 14:33:43,2019-07-30 14:33:43
113,Abel Mante,"8093 Cindi Locks",South Estebanville,Hawaii,Gabon,"22724",2019-07-30 14:33:43,2019-07-30 14:33:43
114,Gerald Larson,"9613 Moore Islands",East Jodyton,Hawaii,Mauritius,"12662",2019-07-30 14:33:43,2019-07-30 14:33:43
115,Ignacio Quitzon,"916 Lady Coves",Swaniawskiburgh,Arizona,Svalbard & Jan Mayen Islands,"85888",2019-07-30 14:33:43,2019-07-30 14:33:43
116,Hallie Paucek,"3087 Genia Corners",Nicholeton,Missouri,Macao,"78170",2019-07-30 14:33:43,2019-07-30 14:33:43
117,Kasey Von,"7857 Lesch Brook",Clintonhaven,Alabama,Turks and Caicos Islands,"62234",2019-07-30 14:33:43,2019-07-30 14:33:43
118,Tuan Hagenes,"853 Anderson Radial",Port Altagracialand,Colorado,Nicaragua,"72490",2019-07-30 14:33:43,2019-07-30 14:33:43
119,Alonzo Lubowitz,"61688 Melda Coves",New Mckinley,Connecticut,Netherlands,"57778",2019-07-30 14:33:43,2019-07-30 14:33:43
120,Burton Keebler,"8306 Kaley Walk",West Theressahaven,North Dakota,San Marino,"93266",2019-07-30 14:33:43,2019-07-30 14:33:43
121,Felipa Bechtelar,"6817 Laverne Parks",West Jae,Massachusetts,Central African Republic,"84014",2019-07-30 14:33:43,2019-07-30 14:33:43
122,Efrain Durgan,"310 Hyatt Oval",Ratkehaven,New Hampshire,Jamaica,"85734",2019-07-30 14:33:43,2019-07-30 14:33:43
123,Domingo Kessler III,"831 Wiegand Port",Delville,Minnesota,Aruba,"37141",2019-07-30 14:33:43,2019-07-30 14:33:43
124,Rickie DuBuque III,"20897 Jan Roads",Benedicttown,Georgia,Montenegro,"31625",2019-07-30 14:33:43,2019-07-30 14:33:43
125,Mr. Summer Hane,"945 Cristi Canyon",Lake Houstonmouth,Louisiana,Vietnam,"29420",2019-07-30 14:33:43,2019-07-30 14:33:43
126,Armando Krajcik,"12509 Goyette Lake",Feilshire,Wyoming,Kazakhstan,"11466",2019-07-30 14:33:43,2019-07-30 14:33:43
127,Jessia Hoeger,"161 Reichel Creek",South Samland,Mississippi,Northern Mariana Islands,"76564",2019-07-30 14:33:43,2019-07-30 14:33:43
128,Tamra Reilly,"889 Heaney Valley",Clarisahaven,Connecticut,Costa Rica,"43037",2019-07-30 14:33:43,2019-07-30 14:33:43
129,Octavio Cummings,"80901 Glen Center",Lindgrenberg,Texas,Italy,"53782",2019-07-30 14:33:43,2019-07-30 14:33:43
130,Calandra White,"83158 Bess Ridge",North Drewville,Colorado,Czech Republic,"62873",2019-07-30 14:33:43,2019-07-30 14:33:43
131,Karry Borer,"7124 Lorenzo Rest",South Migdaliabury,Georgia,Northern Mariana Islands,"68220",2019-07-30 14:33:43,2019-07-30 14:33:43
132,Reva Hodkiewicz,"82242 Haag Cliff",Elfriedebury,Massachusetts,Luxembourg,"29422",2019-07-30 14:33:43,2019-07-30 14:33:43
133,Manual Hermiston,"32175 April Burg",East Lorenzotown,Delaware,Swaziland,"85219",2019-07-30 14:33:43,2019-07-30 14:33:43
134,Wai Funk,"515 Claude Prairie",Rohanstad,Michigan,Mali,"88890",2019-07-30 14:33:43,2019-07-30 14:33:43
135,Tomiko Conroy,"571 Jae Radial",Port Chantell,Maryland,Venezuela,"74611",2019-07-30 14:33:43,2019-07-30 14:33:43
136,Stanton Wisoky,"33474 Mathilde Manors",East June,Texas,Cook Islands,"11653",2019-07-30 14:33:43,2019-07-30 14:33:43
137,Hilario Bogan II,"220 Hiroko Mills",Bodeville,Vermont,Qatar,"90910",2019-07-30 14:33:43,2019-07-30 14:33:43
138,Ivan Kemmer,"841 Hassan Hollow",Oberbrunnerbury,Maryland,Greenland,"46406",2019-07-30 14:33:43,2019-07-30 14:33:43
139,Bea Mills,"832 Bret Green",Jenkinsberg,Nevada,Samoa,"54515",2019-07-30 14:33:43,2019-07-30 14:33:43
140,Sam Hessel,"587 Labadie Expressway",West Lahomafurt,West Virginia,Mongolia,"72362",2019-07-30 14:33:43,2019-07-30 14:33:43
141,Raquel Kassulke,"110 Yost Tunnel",North Rosariotown,Idaho,Syrian Arab Republic,"24194",2019-07-30 14:33:43,2019-07-30 14:33:43
142,Velia Ferry,"9519 Heidenreich Walk",North Gidgetshire,Kansas,Northern Mariana Islands,"34426",2019-07-30 14:33:43,2019-07-30 14:33:43
143,Ambrose Rodriguez,"298 Earle Cape",North Isrealstad,Idaho,Denmark,"13552",2019-07-30 14:33:43,2019-07-30 14:33:43
144,Dr. Cory Leannon,"155 Abshire Green",Lake Carleyburgh,Delaware,Congo,"95683",2019-07-30 14:33:43,2019-07-30 14:33:43
145,Tenesha Grant,"289 Gleichner Crossroad",North Elwood,Iowa,Belgium,"60688",2019-07-30 14:33:43,2019-07-30 14:33:43
146,Armando MacGyver DDS,"9495 Crona Station",Jerrodshire,Mississippi,United Kingdom,"37578",2019-07-30 14:33:43,2019-07-30 14:33:43
147,Mireya Mueller,"906 Doug Dam",Kuhicview,Rhode Island,New Caledonia,"17299",2019-07-30 14:33:43,2019-07-30 14:33:43
148,Arnoldo Green I,"7393 Eldridge Mews",East Jimmyville,Maine,Guinea-Bissau,"14904",2019-07-30 14:33:43,2019-07-30 14:33:43
149,Mr. Elmer Schmitt,"907 Deckow Creek",Borismouth,Maryland,France,"18881",2019-07-30 14:33:43,2019-07-30 14:33:43
150,Les Johnson,"20540 Weimann Ridge",Lake Ai,New Hampshire,Uganda,"20118",2019-07-30 14:33:43,2019-07-30 14:33:43
151,Shirl Hudson,"842 Virgie Ferry",Labadieburgh,Colorado,Armenia,"35190",2019-07-30 14:33:43,2019-07-30 14:33:43
152,Korey Pfeffer,"68235 Kilback Haven",Pricechester,Hawaii,Svalbard & Jan Mayen Islands,"13747",2019-07-30 14:33:43,2019-07-30 14:33:43
153,Stanford Daugherty,"9115 Turner Stravenue",West Dudley,Tennessee,Malaysia,"78059",2019-07-30 14:33:43,2019-07-30 14:33:43
154,Marlin Langosh,"83295 Corliss Grove",New Cornelius,Georgia,Russian Federation,"68497",2019-07-30 14:33:43,2019-07-30 14:33:43
155,Ms. Reba Gusikowski,"125 Dani Square",New Darrinmouth,Hawaii,Lao People's Democratic Republic,"16213",2019-07-30 14:33:43,2019-07-30 14:33:43
156,Dr. Sid Kemmer,"53439 Buckridge Via",New Cecilaview,Nevada,Portugal,"40051",2019-07-30 14:33:43,2019-07-30 14:33:43
157,Rene Larson,"7211 Sammy Bypass",East Dalton,Rhode Island,Iceland,"13801",2019-07-30 14:33:43,2019-07-30 14:33:43
158,Sung Rippin,"549 Cassin Dam",Reillyview,Idaho,Benin,"23661",2019-07-30 14:33:43,2019-07-30 14:33:43
159,Gaston Doyle,"40143 Edward Pass",East Aleida,Minnesota,Eritrea,"94770",2019-07-30 14:33:43,2019-07-30 14:33:43
160,Hermine Becker,"809 Clarinda Parkway",North Alonzo,Rhode Island,Qatar,"90178",2019-07-30 14:33:43,2019-07-30 14:33:43
161,Jess Walter,"46532 Cummings Locks",Gabrielmouth,Virginia,Saudi Arabia,"18905",2019-07-30 14:33:43,2019-07-30 14:33:43
162,Earnest Botsford,"8146 Will Centers",New Taina,Tennessee,Malta,"64421",2019-07-30 14:33:43,2019-07-30 14:33:43
163,Mrs. Junie Abshire,"98975 Rudolph Crossroad",Hisakobury,New Jersey,Tanzania,"32954",2019-07-30 14:33:43,2019-07-30 14:33:43
164,Candelaria Hickle,"30825 Claretta Cove",Klockochester,Minnesota,Moldova,"12792",2019-07-30 14:33:43,2019-07-30 14:33:43
165,Malik West,"531 Mason Vista",West Elvinside,New York,Hong Kong,"73467",2019-07-30 14:33:43,2019-07-30 14:33:43
166,Shelba Paucek,"971 Braun Court",East Coralee,Louisiana,Somalia,"42317",2019-07-30 14:33:43,2019-07-30 14:33:43
167,Marty Erdman III,"1906 Jast Mall",West Laverneville,Maryland,Hong Kong,"89353",2019-07-30 14:33:43,2019-07-30 14:33:43
168,Ike Schimmel,"21329 Jake Prairie",East Lisha,South Dakota,Guernsey,"99079",2019-07-30 14:33:43,2019-07-30 14:33:43
169,Salvador Price,"310 Watsica Spring",North Juanastad,Wyoming,Austria,"46630",2019-07-30 14:33:43,2019-07-30 14:33:43
170,Ghislaine Mertz,"72754 Carroll Expressway",Port Gustavoview,Virginia,France,"64569",2019-07-30 14:33:43,2019-07-30 14:33:43
171,Rosella Willms,"81297 Lehner Trail",Francescoborough,Montana,Congo,"21449",2019-07-30 14:33:43,2019-07-30 14:33:43
172,Jean Kozey,"744 Horacio Isle",Lake Melinaburgh,Pennsylvania,Poland,"15222",2019-07-30 14:33:43,2019-07-30 14:33:43
173,Anton Emmerich,"4337 Marshall Rapid",North Gavinmouth,Pennsylvania,Malawi,"75388",2019-07-30 14:33:43,2019-07-30 14:33:43
174,Orval Rice,"4894 Gibson Neck",South Georgene,New Mexico,Iceland,"41064",2019-07-30 14:33:43,2019-07-30 14:33:43
175,Judson Wiza,"7286 Heidenreich Islands",Hintzland,Arkansas,Sweden,"28516",2019-07-30 14:33:43,2019-07-30 14:33:43
176,Mrs. Jack Hayes,"52871 Barbara Road",Kesslertown,Utah,Swaziland,"80970",2019-07-30 14:33:43,2019-07-30 14:33:43
177,Nancee Boyer,"5685 Towne Field",North Shona,Connecticut,India,"87721",2019-07-30 14:33:43,2019-07-30 14:33:43
178,Cameron Hermann,"29238 Stan Drive",North Sharen,Hawaii,Saint Barthelemy,"94361",2019-07-30 14:33:43,2019-07-30 14:33:43
179,Buster Keebler,"48654 Crist Lodge",New Melindaview,Connecticut,Honduras,"16773",2019-07-30 14:33:43,2019-07-30 14:33:43
180,Roger Hagenes,"802 Gary Locks",Port Montechester,West Virginia,Guernsey,"74365",2019-07-30 14:33:43,2019-07-30 14:33:43
181,Ellis Hand,"323 Nathan Estate",Gislasonton,Vermont,New Caledonia,"87035",2019-07-30 14:33:43,2019-07-30 14:33:43
182,Miss Marquardt,"23385 MacGyver Square",Lavadamouth,Minnesota,Chile,"42115",2019-07-30 14:33:43,2019-07-30 14:33:43
183,Pat Morissette,"343 Clarita Row",Lake Willismouth,Georgia,Peru,"72879",2019-07-30 14:33:43,2019-07-30 14:33:43
184,Portia Oberbrunner,"72922 Gavin Knolls",New Sandi,Kansas,Eritrea,"77423",2019-07-30 14:33:43,2019-07-30 14:33:43
185,Shannon Volkman,"22191 Marlena Prairie",South Earleantown,Nebraska,Hong Kong,"28933",2019-07-30 14:33:43,2019-07-30 14:33:43
186,Augustine Sauer MD,"4658 Brant Burg",East Antoinettemouth,Montana,Antigua and Barbuda,"11685",2019-07-30 14:33:43,2019-07-30 14:33:43
187,Laquita Hills Jr.,"6536 Abraham Forest",Kochview,New Mexico,Italy,"11287",2019-07-30 14:33:43,2019-07-30 14:33:43
188,Shannon Monahan,"191 Tamisha Way",South Chung,North Dakota,Liechtenstein,"71361",2019-07-30 14:33:43,2019-07-30 14:33:43
189,Whitney Hermiston,"86094 Shad Mountains",Port Robbyview,South Carolina,Christmas Island,"10279",2019-07-30 14:33:43,2019-07-30 14:33:43
190,Mel Mante Sr.,"84147 Fadel Avenue",North Belindaborough,New Hampshire,Mauritius,"62704",2019-07-30 14:33:43,2019-07-30 14:33:43
191,Lekisha Volkman,"840 Kuvalis Trail",South Kirbyton,Alaska,Russian Federation,"31903",2019-07-30 14:33:43,2019-07-30 14:33:43
192,Kenya Smith Sr.,"85863 Schumm Spring",West Terrellport,North Dakota,French Polynesia,"26703",2019-07-30 14:33:43,2019-07-30 14:33:43
193,Wanda Dickens,"83518 Sherita Glens",Simonisfort,Nebraska,Madagascar,"52137",2019-07-30 14:33:43,2019-07-30 14:33:43
194,Robby Hilpert,"1815 Mante Heights",Rayhaven,Tennessee,Andorra,"36261",2019-07-30 14:33:43,2019-07-30 14:33:43
195,Gabrielle Kuphal,"772 Rickie Drives",East Barton,Louisiana,Lesotho,"70239",2019-07-30 14:33:43,2019-07-30 14:33:43
196,Alvera Daniel,"563 Lina Grove",Kesslerview,Rhode Island,Togo,"58483",2019-07-30 14:33:43,2019-07-30 14:33:43
197,Ms. Maryland Pfannerstill,"68984 Friesen Causeway",Cathrineside,Alabama,El Salvador,"97751",2019-07-30 14:33:43,2019-07-30 14:33:43
198,Josphine Lang Jr.,"35811 Mueller Land",South Priscilamouth,Colorado,Mexico,"14089",2019-07-30 14:33:43,2019-07-30 14:33:43
199,Beata Zieme,"570 Sherman Throughway",Curtismouth,South Dakota,Guadeloupe,"17796",2019-07-30 14:33:43,2019-07-30 14:33:43
200,Mrs. Lorenza Hyatt,"61201 Twana Wall",Christiansenstad,Idaho,Cayman Islands,"51284",2019-07-30 14:33:43,2019-07-30 14:33:43
201,Ms. Nicholas Paucek,"275 Brynn View",Ratkestad,Tennessee,Maldives,"99666",2019-07-30 14:33:43,2019-07-30 14:33:43
202,Ima Leannon,"405 Legros Common",Marcimouth,Iowa,Uganda,"53642",2019-07-30 14:33:43,2019-07-30 14:33:43
203,Maxwell Beier,"5468 Cora Lodge",Margarettaborough,Rhode Island,Mauritius,"79395",2019-07-30 14:33:43,2019-07-30 14:33:43
204,Noe Littel Jr.,"87267 Joe Hollow",Renabury,Colorado,Samoa,"42680",2019-07-30 14:33:43,2019-07-30 14:33:43
205,Dr. Judson Ziemann,"6255 Maxwell Estates",Stuartside,Idaho,Monaco,"48303",2019-07-30 14:33:43,2019-07-30 14:33:43
206,Tressie Kuphal,"540 Jacobson Street",South Hankville,Vermont,Egypt,"77208",2019-07-30 14:33:43,2019-07-30 14:33:43
207,Teri Pouros,"3892 Cummings Harbor",Melshire,Texas,Timor-Leste,"89181",2019-07-30 14:33:43,2019-07-30 14:33:43
208,Dr. Lonnie Roob,"603 Wuckert Heights",East Micheal,Utah,Jordan,"77414",2019-07-30 14:33:43,2019-07-30 14:33:43
209,Bebe Stamm II,"68328 Corey Ford",Robertston,Wisconsin,Congo,"84222",2019-07-30 14:33:43,2019-07-30 14:33:43
210,Shirely Swift,"161 Torie Stravenue",Lake Lloyd,Delaware,Uruguay,"77001",2019-07-30 14:33:43,2019-07-30 14:33:43
211,Brett Dicki IV,"51029 Hermiston Plaza",Erikfurt,Virginia,Togo,"42339",2019-07-30 14:33:43,2019-07-30 14:33:43
212,Chong Harvey,"20214 Marvin Manor",Donntown,Wyoming,Armenia,"44474",2019-07-30 14:33:43,2019-07-30 14:33:43
213,Dr. Long Hamill,"513 Dacia Gateway",New Louis,Nevada,Saint Vincent and the Grenadines,"56380",2019-07-30 14:33:43,2019-07-30 14:33:43
214,Heath Cole Jr.,"4913 Harber Highway",Wunschview,Maine,Bahrain,"80658",2019-07-30 14:33:43,2019-07-30 14:33:43
215,Zack Lockman,"99306 Bernhard Lodge",West Jess,Minnesota,Bahrain,"60545",2019-07-30 14:33:43,2019-07-30 14:33:43
216,Racquel Stroman PhD,"25890 Ritchie Greens",North Garret,Wyoming,Russian Federation,"16238",2019-07-30 14:33:43,2019-07-30 14:33:43
217,Toya Gottlieb,"94757 Kimberlee Oval",Nonaville,Pennsylvania,Cocos (Keeling) Islands,"11422",2019-07-30 14:33:43,2019-07-30 14:33:43
218,Marylouise Kutch,"730 Simonis Course",Deonport,Massachusetts,Azerbaijan,"16659",2019-07-30 14:33:43,2019-07-30 14:33:43
219,Mrs. Otto Gorczany,"428 Pedro Turnpike",West Donnell,New Jersey,Netherlands Antilles,"91394",2019-07-30 14:33:43,2019-07-30 14:33:43
220,Sean Emmerich V,"2717 Bartell Springs",Westmouth,West Virginia,Sudan,"44729",2019-07-30 14:33:43,2019-07-30 14:33:43
221,Leonardo McLaughlin II,"1905 Mann Wall",North Stacy,Florida,Monaco,"96881",2019-07-30 14:33:43,2019-07-30 14:33:43
222,Zana Hegmann,"99335 Mante Mews",East Joseburgh,West Virginia,Lebanon,"24636",2019-07-30 14:33:43,2019-07-30 14:33:43
223,Alishia Kilback,"88093 Etta Hill",East Jordanton,Arizona,Jamaica,"74733",2019-07-30 14:33:43,2019-07-30 14:33:43
224,Jann Dicki,"685 Perla Square",New Norbertofort,Louisiana,Uzbekistan,"15670",2019-07-30 14:33:43,2019-07-30 14:33:43
225,Mrs. Moon Hoeger,"513 Cary Springs",East Florine,Missouri,Algeria,"79219",2019-07-30 14:33:43,2019-07-30 14:33:43
226,Percy O'Keefe,"88670 Kris Overpass",Ernestfort,Alaska,Turks and Caicos Islands,"24237",2019-07-30 14:33:43,2019-07-30 14:33:43
227,Mr. Jacinto Quigley,"8499 Pam Ports",South Sharika,Kentucky,British Indian Ocean Territory (Chagos Archipelago),"82479",2019-07-30 14:33:43,2019-07-30 14:33:43
228,Rod Kihn Sr.,"839 Stephania Centers",Estefanahaven,Delaware,Armenia,"59020",2019-07-30 14:33:43,2019-07-30 14:33:43
229,Gene Paucek PhD,"65709 Prohaska Locks",Lethaside,Delaware,Swaziland,"72295",2019-07-30 14:33:43,2019-07-30 14:33:43
230,Harriett Rau,"149 Hand Station",Lake Mitchel,Connecticut,Moldova,"84957",2019-07-30 14:33:43,2019-07-30 14:33:43
231,Dewey Kuhn,"88006 Corrine Isle",Lake Tilda,New York,Reunion,"95810",2019-07-30 14:33:43,2019-07-30 14:33:43
232,Mrs. Kazuko Schumm,"5462 Lacy Mount",East Fransiscaberg,Mississippi,Hungary,"60007",2019-07-30 14:33:43,2019-07-30 14:33:43
233,Jeannette Veum,"3219 Vanessa Row",South Oliviamouth,California,Congo,"99353",2019-07-30 14:33:43,2019-07-30 14:33:43
234,Gwenn Moen,"7499 Ian Summit",Schambergerbury,Mississippi,Iran,"35417",2019-07-30 14:33:43,2019-07-30 14:33:43
235,Claude Cremin,"5949 Nader Corners",Port Wm,Idaho,Taiwan,"27284",2019-07-30 14:33:43,2019-07-30 14:33:43
236,Lois Oberbrunner,"1098 Carmelina Station",North Kathrinhaven,Arizona,Reunion,"36256",2019-07-30 14:33:43,2019-07-30 14:33:43
237,Darren Schmitt,"9744 Alycia Estate",Lake Gretchenton,Vermont,Belgium,"67623",2019-07-30 14:33:43,2019-07-30 14:33:43
238,Russel Legros Jr.,"69327 Donnelly Creek",North Madge,Idaho,Canada,"49987",2019-07-30 14:33:43,2019-07-30 14:33:43
239,Marco Huels,"21596 Durgan Branch",East Erasmo,Wyoming,Zimbabwe,"54806",2019-07-30 14:33:43,2019-07-30 14:33:43
240,Greg Koelpin,"90600 Daryl Village",Gusikowskiton,West Virginia,Seychelles,"16709",2019-07-30 14:33:43,2019-07-30 14:33:43
241,Mrs. Nisha Pfeffer,"8373 Glover Haven",Ankundingchester,Oregon,Portugal,"35945",2019-07-30 14:33:43,2019-07-30 14:33:43
242,Neva Schaden IV,"54807 Marina Lodge",Coreyville,Utah,Madagascar,"78111",2019-07-30 14:33:43,2019-07-30 14:33:43
243,Errol Roberts II,"187 Austin Way",West Bartonburgh,Iowa,Turks and Caicos Islands,"30701",2019-07-30 14:33:43,2019-07-30 14:33:43
244,Lonny Kertzmann,"91976 Heathcote Track",Shandaview,Oklahoma,Anguilla,"34042",2019-07-30 14:33:43,2019-07-30 14:33:43
245,Dino Grant,"4627 Goldner Avenue",Lake Ramiro,Maryland,Haiti,"47585",2019-07-30 14:33:43,2019-07-30 14:33:43
246,Flor Borer,"626 Gina Crossing",Port Dee,Alaska,Jamaica,"42390",2019-07-30 14:33:43,2019-07-30 14:33:43
247,Mrs. Hipolito Jenkins,"748 Berge Bypass",Hermistonchester,Pennsylvania,Albania,"42055",2019-07-30 14:33:43,2019-07-30 14:33:43
248,Elvia Conn,"90354 Spinka Wells",New Ian,Florida,Denmark,"14327",2019-07-30 14:33:43,2019-07-30 14:33:43
249,Miss Rosendo Ondricka,"260 Wunsch Pass",North Montyshire,Alaska,Greenland,"92203",2019-07-30 14:33:43,2019-07-30 14:33:43
250,Marshall Crona Jr.,"2865 Chauncey Trafficway",East Dorian,Michigan,Argentina,"45132",2019-07-30 14:33:43,2019-07-30 14:33:43
251,Rerum est ducimus. Labore repudiandae perferendis. Qui.,"199 McKenzie Mountains",South Eva,Alaska,Czech Republic,"76120",2019-07-30 14:33:54,2019-07-30 14:33:54
252,Eveniet quia eos. Explicabo rerum officiis. Alias ab a.,"890 Eugenie Vista",Port Romeliabury,New Jersey,Togo,"14308",2019-07-30 14:33:54,2019-07-30 14:33:54
253,Quia vero porro. Sint aut necessitatibus. Dignissimos .,"108 Moses Points",West Doretheamouth,West Virginia,Lithuania,"34005",2019-07-30 14:33:54,2019-07-30 14:33:54
254,Beatae ut similique. Alias tempore dolores. Et omnis t.,"25578 Giuseppe Avenue",Randalmouth,Mississippi,Venezuela,"23977",2019-07-30 14:33:54,2019-07-30 14:33:54
255,Inventore aut fugiat. Vel debitis dolor. Maxime cupidi.,"5647 Kub Gateway",Port Gayle,Texas,Swaziland,"45187",2019-07-30 14:33:54,2019-07-30 14:33:54
256,Non earum aut. Adipisci ea placeat. Consequatur et qua.,"921 Venita Fort",Philborough,Virginia,Luxembourg,"56239",2019-07-30 14:33:54,2019-07-30 14:33:54
257,Qui ut velit. Quod quia ullam. Minima commodi quia. Ve.,"7980 Enedina Tunnel",North Lloydmouth,New Mexico,Tunisia,"71856",2019-07-30 14:33:54,2019-07-30 14:33:54
258,Ex voluptatem quaerat. Corporis nihil occaecati. Eos c.,"719 Patrica Ports",Lake Shaun,Vermont,Malaysia,"25385",2019-07-30 14:33:54,2019-07-30 14:33:54
259,Neque vel iusto. Itaque quas provident. Corrupti quod .,"58490 Nicolas Port",Westberg,Pennsylvania,Serbia,"69875",2019-07-30 14:33:54,2019-07-30 14:33:54
260,Voluptates assumenda eveniet. Sapiente velit sed. Amet.,"6716 Celine Groves",Weimannview,Indiana,Macao,"48340",2019-07-30 14:33:54,2019-07-30 14:33:54
261,DGf9vR6758,"5287 Darron Well",Claudton,Montana,Kuwait,"15515",2019-07-30 14:33:54,2019-07-30 14:33:54
262,"8G44rN80J2","97280 Gusikowski Squares",North Cristinestad,Nevada,Pakistan,"74134",2019-07-30 14:33:54,2019-07-30 14:33:54
263,"870797cX40","134 Robel Inlet",New Exieview,Tennessee,Luxembourg,"65775",2019-07-30 14:33:54,2019-07-30 14:33:54
264,"31Y41bb316","81024 Parisian Stravenue",Stiedemannburgh,Oklahoma,Myanmar,"64593",2019-07-30 14:33:54,2019-07-30 14:33:54
265,"8ozYN33911","6303 Larraine Roads",Port Meghannshire,New Mexico,Mali,"84321",2019-07-30 14:33:54,2019-07-30 14:33:54
266,"5Ec25Ar2vh","6042 Mertz Mount",New Lavern,Michigan,Malawi,"78992",2019-07-30 14:33:54,2019-07-30 14:33:54
267,"5Y5ds53aCw","92514 Gustavo Plaza",East Ernesto,Iowa,Hungary,"66196",2019-07-30 14:33:54,2019-07-30 14:33:54
268,P8h9n61OyN,"5100 Clifford Village",North Lowell,Alabama,Paraguay,"49557",2019-07-30 14:33:54,2019-07-30 14:33:54
269,"91s4V5gNj6","735 Ruben Circles",Osinskiberg,Delaware,Antarctica (the territory South of 60 deg S),"17766",2019-07-30 14:33:54,2019-07-30 14:33:54
270,"78i60x941y","6315 Von Wall",Port Darrin,Illinois,Palau,"59090",2019-07-30 14:33:54,2019-07-30 14:33:54
271,Emmitt Schuster,"79068 Armstrong Drive",New Palmermouth,Illinois,Kuwait,VtvIv,2019-07-30 14:33:54,2019-07-30 14:33:54
272,Carlos Kozey,"7030 Edgar Parkways",South Billside,Delaware,Fiji,YueAt,2019-07-30 14:33:54,2019-07-30 14:33:54
273,Hyman Nader,"61046 White Streets",Port Alveraview,Texas,Canada,VTYOg,2019-07-30 14:33:54,2019-07-30 14:33:54
274,Rolande Cremin I,"19284 Kub Heights",Ratkeberg,Colorado,Brunei Darussalam,VPGgt,2019-07-30 14:33:54,2019-07-30 14:33:54
275,Mary Osinski,"1696 Kylie Fall",Madelynfurt,Idaho,Bouvet Island (Bouvetoya),DWOJA,2019-07-30 14:33:54,2019-07-30 14:33:54
276,Lucien Bogisich,"7390 Langworth Lake",South Shaneka,Rhode Island,Sudan,Clahl,2019-07-30 14:33:54,2019-07-30 14:33:54
277,Guillermo Bergstrom,"778 Tamar Trace",Tijuanashire,Oklahoma,Congo,pQRHQ,2019-07-30 14:33:54,2019-07-30 14:33:54
278,Alonzo Cartwright,"99007 Larkin Valley",Swiftport,Arizona,Austria,kDUgV,2019-07-30 14:33:54,2019-07-30 14:33:54
279,Mr. Derick Kozey,"33217 Friesen View",East Ileen,Ohio,Christmas Island,yCXDs,2019-07-30 14:33:54,2019-07-30 14:33:54
280,Benny Cole,"771 Lorinda Plaza",Schroederbury,Delaware,Ukraine,KWJHd,2019-07-30 14:33:54,2019-07-30 14:33:54
281,Luciana Botsford,"1952 Prosacco Corner",Veniam aut aliquid. Nostrum repudiandae suscipit. Dolore tempora pariatur. Aspernatur repudiandae ipsam. Pari.,Kentucky,Slovenia,"58513",2019-07-30 14:33:54,2019-07-30 14:33:54
282,Bobbie Konopelski,"6536 Price Parks",Quia voluptatum ullam. Adipisci quos nisi. Sunt consequatur pariatur. Pariatur inventore sapiente. Omnis reru.,New Mexico,Bahamas,"51239",2019-07-30 14:33:54,2019-07-30 14:33:54
283,Miss Shane Waters,"624 Lean Trace",Possimus dolores nemo. Praesentium libero repellendus. Hic officiis odit. Blanditiis magnam reiciendis. Volup.,Kansas,Morocco,"30232",2019-07-30 14:33:54,2019-07-30 14:33:54
284,Martin Little,"397 Rogahn Lakes",Atque quis sunt. Dolorem qui ea. Consequatur dicta consequuntur. Nesciunt est sequi. Praesentium voluptates p.,Idaho,Guinea,"69830",2019-07-30 14:33:54,2019-07-30 14:33:54
285,Derick Schimmel Sr.,"138 Jackie Cliffs",Aut sit nostrum. Voluptates non eum. Ex commodi enim. Perferendis minus voluptas. Quia vel suscipit. Labore p.,Texas,Bangladesh,"10395",2019-07-30 14:33:54,2019-07-30 14:33:54
286,Ms. Denae Pfeffer,"653 Daren Burg",Iusto deserunt voluptas. Accusantium exercitationem molestiae. Sed fugiat ipsum. Sed omnis in. Voluptatum dol.,Oklahoma,Fiji,"15455",2019-07-30 14:33:54,2019-07-30 14:33:54
287,Berenice Hermiston III,"628 Jeramy Street",Minima ex nemo. Neque itaque id. Aut iste et. Reiciendis culpa possimus. Vitae voluptas modi. Amet cumque nos.,Pennsylvania,Jersey,"16410",2019-07-30 14:33:54,2019-07-30 14:33:54
288,Wilmer Bogan,"513 Edmond Lock",Voluptas rerum eius. Labore et consequatur. Voluptas ab sint. Quia omnis consequatur. Voluptatem doloribus do.,Hawaii,Georgia,"13476",2019-07-30 14:33:54,2019-07-30 14:33:54
289,Wanda Hartmann,"7282 Clarine Summit",Nobis labore aliquid. Sint amet cum. Facilis quia ullam. Ut omnis enim. Omnis sed libero. Sapiente possimus e.,Massachusetts,Oman,"81074",2019-07-30 14:33:54,2019-07-30 14:33:54
290,Mr. Thomas Haag,"70873 Huel Heights",Nesciunt nobis incidunt. Quia dolorum excepturi. Aut nam labore. Quas non magni. Voluptates magni eum. Fugiat.,Mississippi,Isle of Man,"13899",2019-07-30 14:33:54,2019-07-30 14:33:54
291,Filiberto Stark,"6087 Jacquelynn Wall",Fritschbury,Laborum eos earum. Et voluptate quaerat. Enim perferendis ipsum. Rerum asperiores eum. Reiciendis sit dolor. .,Central African Republic,"88888",2019-07-30 14:33:54,2019-07-30 14:33:54
292,Dania Walter,"2354 Schulist Throughway",Aliborough,Facere quis dolorem. Tenetur voluptas adipisci. Nemo dolores nihil. Omnis occaecati autem. Perferendis quos s.,Algeria,"57912",2019-07-30 14:33:54,2019-07-30 14:33:54
293,Darnell Haley,"820 Gertude Groves",South Wilfredoberg,Nisi exercitationem facere. Ipsam quia earum. Voluptas veniam necessitatibus. Praesentium ut velit. Rerum ut .,Saint Barthelemy,"41545",2019-07-30 14:33:54,2019-07-30 14:33:54
294,Francesco Abshire,"4377 Hilll Square",South Maryloubury,Exercitationem ut nihil. Nam quos et. Ut perferendis harum. Ea labore eum. Numquam optio quo. Ipsum voluptate.,Lebanon,"67259",2019-07-30 14:33:54,2019-07-30 14:33:54
295,Derick Weber V,"7743 Brian Freeway",Lake Cameron,Voluptates officiis perferendis. Est ratione provident. Vel quia harum. Maxime voluptatum sed. Tempore perspi.,Reunion,"75582",2019-07-30 14:33:54,2019-07-30 14:33:54
296,Ms. Grady Moore,"3501 Rath Extensions",Lemkeville,Sint autem sed. Eum officiis quos. Rerum aut nobis. Voluptas temporibus beatae. Accusamus asperiores hic. Non.,Equatorial Guinea,"84748",2019-07-30 14:33:54,2019-07-30 14:33:54
297,Andera Wintheiser Sr.,"483 Collins Stream",Port Beula,Fugiat doloribus explicabo. Cum in non. Consequatur non voluptates. Quia fugit deserunt. Exercitationem archi.,Cook Islands,"38586",2019-07-30 14:33:54,2019-07-30 14:33:54
298,Pansy Koelpin,"9446 Tammie Green",South Marcfurt,Velit est fuga. Voluptas dignissimos dolorum. Consectetur dolorum veniam. Sequi repudiandae laborum. Expedita.,Comoros,"12999",2019-07-30 14:33:54,2019-07-30 14:33:54
299,Manuel Jacobs,"83464 Catharine Street",New Andre,Et nam earum. Minima aut et. Hic dolore autem. Mollitia molestiae expedita. Velit voluptas minus. Ea iure dol.,Moldova,"72627",2019-07-30 14:33:54,2019-07-30 14:33:54
300,Andreas Wolff,"41038 Tromp Grove",Lake Willisstad,Doloribus quam voluptates. Voluptatem iusto delectus. Aut dolores perspiciatis. Error quis ipsam. Dolor occae.,Uzbekistan,"11854",2019-07-30 14:33:54,2019-07-30 14:33:54
