"id","client_name","agent_name","car","price","date","monthly_payment","payment_due_day","created_at","updated_at"
1,Isiah Powlowski,Lenard Grady,Nissan Versa,"111631.65","2016-09-29","8486.99","18",2019-07-30 14:33:47,2019-07-30 14:33:47
2,Lanny Daniel,Raeann Walter,Lincoln MKZ,"321664.20","2014-12-20","4395.85","20",2019-07-30 14:33:47,2019-07-30 14:33:47
3,Carmelia Abernathy,Anita Marvin DDS,Honda CR-V,"188972.36","2018-06-12","9200.80","11",2019-07-30 14:33:47,2019-07-30 14:33:47
4,Ms. Chantal Balistreri,Bunny Schneider,Buick Encore,"409517.10","2017-02-09","8440.39","21",2019-07-30 14:33:47,2019-07-30 14:33:47
5,Shana Bashirian,Mrs. Yong Bauch,Ford Fiesta,"171516.05","2018-02-06","7378.90","13",2019-07-30 14:33:47,2019-07-30 14:33:47
6,Norris Hartmann Jr.,Chance Nader,Lincoln MKZ,"409109.64","2018-07-13","4549.00","9",2019-07-30 14:33:47,2019-07-30 14:33:47
7,Irish Olson,Errol Powlowski,Nissan Rogue,"204006.69","2017-04-23","9881.22","7",2019-07-30 14:33:47,2019-07-30 14:33:47
8,Akiko Frami DDS,Mrs. Marcia Cummings,Audi S5,"329537.79","2015-04-28","8860.21","1",2019-07-30 14:33:47,2019-07-30 14:33:47
9,Miyoko Kemmer,Rubie Zieme,Dodge Ram,"196327.41","2017-06-26","8222.70","9",2019-07-30 14:33:47,2019-07-30 14:33:47
10,Jeffery Jacobs,Mrs. Floy Hills,BMW X3,"481433.11","2017-03-05","3982.28","1",2019-07-30 14:33:47,2019-07-30 14:33:47
11,Mark Howell,Sophia Marvin DVM,BMW X1,"168954.24","2016-08-28","4944.25","25",2019-07-30 14:33:47,2019-07-30 14:33:47
12,Warner Walsh,Dr. Camellia Boyer,Dodge Charger,"322339.11","2015-11-24","9076.21","5",2019-07-30 14:33:47,2019-07-30 14:33:47
13,Ms. Sanford Gleason,Terrence Kshlerin,Nissan Altima,"288570.16","2015-02-27","3995.05","11",2019-07-30 14:33:47,2019-07-30 14:33:47
14,Cherish Hintz,Dr. Hoyt Witting,Chevy Malibu,"111193.67","2015-11-30","6259.80","7",2019-07-30 14:33:47,2019-07-30 14:33:47
15,Derrick Ritchie MD,Evelynn Shields,Chevy Malibu,"262752.15","2018-09-12","5445.92","16",2019-07-30 14:33:47,2019-07-30 14:33:47
16,Miss Genna Huel,Benton Rogahn,Lincoln MKZ,"281197.76","2016-09-01","4947.56","8",2019-07-30 14:33:47,2019-07-30 14:33:47
17,Luann Kuphal,Marilyn Waelchi DVM,Lincoln MKX,"492529.73","2016-12-28","9286.31","6",2019-07-30 14:33:47,2019-07-30 14:33:47
18,Dave Wyman,Terrence Price,Audi A4,"299062.33","2015-04-19","8425.95","6",2019-07-30 14:33:47,2019-07-30 14:33:47
19,Chadwick Ernser,Mr. Becky Larson,Audi S5,"137996.80","2016-10-19","3200.19","25",2019-07-30 14:33:47,2019-07-30 14:33:47
20,Mrs. Sang Sanford,Raymond Swift,Lincoln MKZ,"403719.99","2018-11-28","8371.23","23",2019-07-30 14:33:47,2019-07-30 14:33:47
21,Rupert Kulas,Jessia Willms,BMW X3,"375226.58","2015-04-23","3086.41","2",2019-07-30 14:33:47,2019-07-30 14:33:47
22,Josef Terry,Kandra Bogan,Chevy Malibu,"487955.84","2019-04-04","9941.85","24",2019-07-30 14:33:47,2019-07-30 14:33:47
23,Nick Littel,Arron Rohan,Dodge Durango,"298990.34","2018-01-28","6830.71","23",2019-07-30 14:33:47,2019-07-30 14:33:47
24,Rashida Zulauf MD,Lynda Altenwerth DVM,Ford F150,"137641.94","2015-10-03","3201.87","18",2019-07-30 14:33:47,2019-07-30 14:33:47
25,Donovan Oberbrunner III,Nelson Windler,Audi S5,"177819.60","2019-02-10","7324.67","18",2019-07-30 14:33:47,2019-07-30 14:33:47
26,Darleen Russel,Danae Willms,Buick Enclave,"424639.56","2019-05-24","4849.89","18",2019-07-30 14:33:47,2019-07-30 14:33:47
27,Leland Johns,Cathi Ward,Nissan Altima,"296177.73","2015-09-06","9884.04","7",2019-07-30 14:33:47,2019-07-30 14:33:47
28,Daron Considine IV,Lean Walter,Lincoln MKS,"352673.42","2018-08-25","8752.91","1",2019-07-30 14:33:47,2019-07-30 14:33:47
29,Jerrie Ebert,Juli Zemlak,Buick Enclave,"202043.67","2018-07-10","7493.32","8",2019-07-30 14:33:47,2019-07-30 14:33:47
30,Wilber O'Connell,Cindi Parisian,Audi A5,"352395.59","2015-11-09","6157.78","24",2019-07-30 14:33:47,2019-07-30 14:33:47
31,Phyllis Weber III,Bee Schiller,Ford Mustang,"452322.61","2016-04-23","4794.16","2",2019-07-30 14:33:47,2019-07-30 14:33:47
32,Shonta Bergnaum,Michael Hills DDS,Lincoln MKZ,"196486.39","2016-03-04","5696.55","18",2019-07-30 14:33:47,2019-07-30 14:33:47
33,Dr. Garrett Kerluke,Daisey Wisoky IV,Chevy Silverado,"278979.72","2014-08-10","8544.12","24",2019-07-30 14:33:47,2019-07-30 14:33:47
34,Benito Jones,Chassidy Ziemann,Buick Regal,"401263.46","2016-11-06","6633.66","15",2019-07-30 14:33:47,2019-07-30 14:33:47
35,Mack Metz,Clyde Hamill,BMW 328i,"323018.30","2015-02-27","3955.18","20",2019-07-30 14:33:47,2019-07-30 14:33:47
36,Arron Jacobson,Cody Mueller,Honda Odyssey,"108679.05","2018-01-14","6144.65","1",2019-07-30 14:33:47,2019-07-30 14:33:47
37,Marlana Grant,Deborah Carroll DDS,Honda Civic,"480052.47","2014-12-30","9531.87","4",2019-07-30 14:33:47,2019-07-30 14:33:47
38,Quentin Mann,Rolando Turner,Audi A7,"229444.01","2017-01-29","5771.48","19",2019-07-30 14:33:47,2019-07-30 14:33:47
39,Juliette Boehm,Blaine Stanton,Dodge Challenger,"217941.80","2018-07-14","8227.16","6",2019-07-30 14:33:47,2019-07-30 14:33:47
40,Lakendra Kulas,Kasi Haley,Buick Regal,"216484.62","2018-10-06","3487.82","9",2019-07-30 14:33:47,2019-07-30 14:33:47
41,Tanika Pouros,Nicole Russel II,Lincoln MKS,"160321.19","2015-04-27","4618.59","24",2019-07-30 14:33:47,2019-07-30 14:33:47
42,Dr. Yoshiko Veum,Mrs. Felix Bauch,Dodge Charger,"296216.39","2019-05-20","4947.94","16",2019-07-30 14:33:47,2019-07-30 14:33:47
43,Providencia Schuster I,Kayleigh Hoppe,Honda CR-V,"285126.06","2019-04-10","5329.95","23",2019-07-30 14:33:47,2019-07-30 14:33:47
44,Brett Sipes,Oralee Lebsack,Nissan Versa,"350890.88","2017-10-14","3438.70","20",2019-07-30 14:33:47,2019-07-30 14:33:47
45,Dr. Elmer Gislason,Newton Schiller,Dodge Charger,"452003.68","2016-11-08","8109.71","18",2019-07-30 14:33:47,2019-07-30 14:33:47
46,Tanika Bartoletti,Milford Stiedemann,Audi S5,"225828.44","2016-02-12","5377.90","3",2019-07-30 14:33:47,2019-07-30 14:33:47
47,Olive Sporer PhD,Myrta Braun,Buick Riveria,"215680.08","2019-01-07","9592.48","25",2019-07-30 14:33:47,2019-07-30 14:33:47
48,Will Dicki,Maynard Stanton,Dodge Ram,"495601.73","2016-02-18","6111.35","13",2019-07-30 14:33:47,2019-07-30 14:33:47
49,Freeman Krajcik,Brigida Kertzmann DVM,Ford Mustang,"343422.61","2018-01-05","7305.05","21",2019-07-30 14:33:47,2019-07-30 14:33:47
50,Irene Schoen,Dorinda Blick,Buick Regal,"146249.23","2015-12-16","4189.53","25",2019-07-30 14:33:47,2019-07-30 14:33:47
51,Zulema Nienow,Jaye Harris,Ford F150,"367205.61","2014-11-28","9949.62","24",2019-07-30 14:33:47,2019-07-30 14:33:47
52,Dr. Faustino Hauck,Esteban Fay,Nissan Versa,"422739.44","2016-06-15","9403.12","10",2019-07-30 14:33:47,2019-07-30 14:33:47
53,Kathlyn Hand,Mr. Perry Lubowitz,Dodge Ram,"102503.51","2014-12-18","6130.51","14",2019-07-30 14:33:47,2019-07-30 14:33:47
54,Colby Jones DDS,Mable Stamm III,Buick LaCrosse,"361341.74","2016-08-27","9690.80","13",2019-07-30 14:33:47,2019-07-30 14:33:47
55,Mozella Bradtke,Ms. Thad Jerde,BMW X5,"448432.55","2016-11-30","5976.54","16",2019-07-30 14:33:47,2019-07-30 14:33:47
56,Roxie Kilback,Shameka Durgan I,Honda Odyssey,"339968.82","2019-01-15","6788.99","13",2019-07-30 14:33:47,2019-07-30 14:33:47
57,Tameika Carter,Miss Arron Lowe,Dodge Durango,"167139.63","2014-09-13","7298.32","6",2019-07-30 14:33:47,2019-07-30 14:33:47
58,Silas Braun PhD,Myrle Gusikowski Sr.,Buick Riveria,"473288.00","2017-08-18","4396.03","6",2019-07-30 14:33:47,2019-07-30 14:33:47
59,Nannie Boehm,Mr. Vincenzo Rau,Dodge Ram,"171179.27","2016-08-06","7550.00","24",2019-07-30 14:33:47,2019-07-30 14:33:47
60,Lon Grant,Treva Will,Nissan Cube,"228667.09","2015-06-23","4447.65","5",2019-07-30 14:33:47,2019-07-30 14:33:47
61,Marilyn Balistreri,Ms. Carletta Tremblay,Dodge Charger,"272845.38","2015-03-30","4978.67","21",2019-07-30 14:33:47,2019-07-30 14:33:47
62,Mrs. Alison Zemlak,Mohammed Kertzmann,Toyota Camry,"196046.04","2017-01-24","8732.91","15",2019-07-30 14:33:47,2019-07-30 14:33:47
63,Niesha Herman,Lucien Lesch DVM,Ford Focus,"440031.63","2015-07-10","3019.75","20",2019-07-30 14:33:47,2019-07-30 14:33:47
64,Robbie Vandervort,Kirby Tromp,Buick Regal,"233921.73","2018-12-14","4306.45","5",2019-07-30 14:33:47,2019-07-30 14:33:47
65,Kristyn Rolfson,Tobias Ziemann,BMW 328i,"157929.78","2017-11-04","5031.82","2",2019-07-30 14:33:47,2019-07-30 14:33:47
66,Kurtis Douglas,Alfredo Hickle,Dodge Durango,"119526.69","2015-02-15","8098.00","17",2019-07-30 14:33:47,2019-07-30 14:33:47
67,Rosaline Kirlin,Mr. Forest McCullough,Honda Odyssey,"336450.54","2015-09-03","7507.23","9",2019-07-30 14:33:47,2019-07-30 14:33:47
68,Anthony Veum,Garnet Kris,Toyota Corolla,"222221.15","2016-06-12","5332.61","12",2019-07-30 14:33:47,2019-07-30 14:33:47
69,Loyd Kuphal,Winford Smitham,Lincoln MKZ,"331873.87","2017-07-16","3309.69","16",2019-07-30 14:33:47,2019-07-30 14:33:47
70,Sergio Mayert,Diedra Schultz,Chevy Silverado,"219462.28","2014-11-30","3533.66","19",2019-07-30 14:33:47,2019-07-30 14:33:47
71,Monty Hegmann,Jimmie Kovacek,Dodge Ram,"483883.15","2019-01-16","4115.51","25",2019-07-30 14:33:47,2019-07-30 14:33:47
72,Mrs. Octavio Cartwright,Debra Feest MD,Ford Fiesta,"362604.05","2016-01-21","9639.44","25",2019-07-30 14:33:47,2019-07-30 14:33:47
73,Gaynell Swaniawski,Darell Rutherford,Audi A7,"209111.76","2015-09-15","6131.21","12",2019-07-30 14:33:47,2019-07-30 14:33:47
74,Ezequiel White,Camellia Langworth,Lincoln MKS,"497735.67","2015-08-03","6684.31","23",2019-07-30 14:33:47,2019-07-30 14:33:47
75,Elton Kovacek,Miss Rebbeca Farrell,Lincoln MKS,"481075.45","2015-10-31","8813.54","11",2019-07-30 14:33:47,2019-07-30 14:33:47
76,Evelyn Bradtke,Virgil Schroeder,Audi A7,"187847.82","2014-08-24","8139.50","2",2019-07-30 14:33:47,2019-07-30 14:33:47
77,Laraine Turner DDS,Edda Hegmann,Chevy Malibu,"159422.38","2016-05-23","6116.01","23",2019-07-30 14:33:47,2019-07-30 14:33:47
78,Stacy Von,Dr. Curtis Miller,Audi A8,"399652.32","2014-08-07","4962.71","11",2019-07-30 14:33:47,2019-07-30 14:33:47
79,Adrian Runte Sr.,Mellie Gutmann,Audi A8,"159357.78","2015-05-30","5406.98","24",2019-07-30 14:33:47,2019-07-30 14:33:47
80,My Maggio,Andy Kerluke,Lincoln MKX,"171470.40","2019-01-31","5439.69","17",2019-07-30 14:33:47,2019-07-30 14:33:47
81,Giovanni Bins,Dori Kuhic,BMW M3,"397262.09","2017-12-12","7705.93","8",2019-07-30 14:33:47,2019-07-30 14:33:47
82,Reinaldo Macejkovic,Mr. Marylyn Reichel,Buick LaCrosse,"391258.96","2018-05-01","5211.49","5",2019-07-30 14:33:47,2019-07-30 14:33:47
83,Melba Gibson,Mrs. Karen Herzog,Honda Accord,"118307.54","2016-06-07","4896.21","18",2019-07-30 14:33:47,2019-07-30 14:33:47
84,Emory McDermott,Ms. Kerri Gerlach,Dodge Durango,"173444.62","2017-04-03","8571.93","25",2019-07-30 14:33:47,2019-07-30 14:33:47
85,Genaro Gottlieb III,Mr. Renna Bogisich,Buick Enclave,"271160.96","2015-09-08","3727.36","17",2019-07-30 14:33:47,2019-07-30 14:33:47
86,Tobias Batz I,Josue Jaskolski,Lincoln MKX,"417881.22","2019-01-14","6784.44","20",2019-07-30 14:33:47,2019-07-30 14:33:47
87,Mrs. Kasha Harber,Ms. Jeri Cormier,Dodge Charger,"467623.93","2018-02-11","8963.30","20",2019-07-30 14:33:47,2019-07-30 14:33:47
88,Kris Morissette,Nathan Terry Jr.,BMW M3,"172631.89","2019-01-21","9007.30","14",2019-07-30 14:33:47,2019-07-30 14:33:47
89,Ardelia Schowalter,Jayson Collins,Nissan Altima,"481444.91","2019-01-24","3613.75","14",2019-07-30 14:33:47,2019-07-30 14:33:47
90,Margarito Wunsch,Rodrick Lemke,BMW M3,"475890.86","2017-06-02","8017.47","14",2019-07-30 14:33:47,2019-07-30 14:33:47
91,Sachiko Toy Sr.,Camila Adams,Buick Riveria,"458011.70","2015-03-05","4319.63","11",2019-07-30 14:33:47,2019-07-30 14:33:47
92,Shin McKenzie Jr.,Verona Marvin,Chevy Camero,"492526.84","2019-01-14","4605.10","21",2019-07-30 14:33:47,2019-07-30 14:33:47
93,Kassie Bayer,Margarite McClure,Chevy Silverado,"451679.51","2019-05-30","6123.60","24",2019-07-30 14:33:47,2019-07-30 14:33:47
94,Dr. Deon Monahan,Ellsworth Reynolds,BMW X5,"298854.79","2016-06-21","4689.77","25",2019-07-30 14:33:47,2019-07-30 14:33:47
95,Hazel Schroeder,Nona Will PhD,Toyota Camry,"282461.33","2019-02-20","9793.59","25",2019-07-30 14:33:47,2019-07-30 14:33:47
96,Becki Rolfson II,David Swift,Honda Accord,"394588.39","2018-07-25","7192.88","19",2019-07-30 14:33:47,2019-07-30 14:33:47
97,Miss Nelson Bogisich,Mr. Verlene Murray,BMW X1,"281466.20","2016-02-03","6110.41","6",2019-07-30 14:33:47,2019-07-30 14:33:47
98,Ms. Darrel Rowe,Jamison Gottlieb,Buick Riveria,"357682.20","2014-11-29","9809.68","8",2019-07-30 14:33:47,2019-07-30 14:33:47
99,Ligia Yundt,Miss Estell Swaniawski,Honda Accord,"172872.61","2019-04-23","6109.21","21",2019-07-30 14:33:47,2019-07-30 14:33:47
100,Clifford Connelly,Verda Berge,Nissan Cube,"242898.42","2017-07-28","3139.02","4",2019-07-30 14:33:47,2019-07-30 14:33:47
101,Chung Mosciski Jr.,Lenny Thompson,Chevy Silverado,"487822.18","2015-03-03","3789.53","22",2019-07-30 14:33:47,2019-07-30 14:33:47
102,Jacinto Rath,Eugenie Koelpin,Toyota Prius,"112147.52","2017-06-22","9631.56","5",2019-07-30 14:33:47,2019-07-30 14:33:47
103,Wilbur Prosacco,Oscar Champlin,Dodge Challenger,"363561.13","2019-02-15","6098.63","11",2019-07-30 14:33:47,2019-07-30 14:33:47
104,Desmond Hills,May Hessel,Nissan Versa,"179483.88","2017-07-28","8755.38","16",2019-07-30 14:33:47,2019-07-30 14:33:47
105,Dan Rutherford,Carroll Monahan,Lincoln MKS,"131514.23","2017-04-30","4594.68","20",2019-07-30 14:33:47,2019-07-30 14:33:47
106,Moshe Terry,Miss Eddie Bergnaum,Ford Mustang,"458761.00","2016-09-12","8305.19","12",2019-07-30 14:33:47,2019-07-30 14:33:47
107,Jonathon Farrell,Zelda Okuneva,Ford Focus,"425931.84","2017-08-22","8099.01","19",2019-07-30 14:33:47,2019-07-30 14:33:47
108,Dirk McKenzie,Noah Weissnat,Audi A7,"214994.53","2015-10-09","4697.17","9",2019-07-30 14:33:47,2019-07-30 14:33:47
109,Ms. Jerrold Willms,Jeremy Mueller V,Honda Accord,"206665.30","2014-11-09","5696.23","7",2019-07-30 14:33:47,2019-07-30 14:33:47
110,Leland Larkin,Violet Leuschke,BMW 328i,"190362.22","2015-03-03","5963.81","18",2019-07-30 14:33:47,2019-07-30 14:33:47
111,Mr. Yessenia Ward,Marisa Schaefer MD,Lincoln MKX,"430300.93","2017-02-12","8246.70","4",2019-07-30 14:33:47,2019-07-30 14:33:47
112,Agustin McCullough,Christian Wunsch,Buick Riveria,"126767.75","2016-08-03","9522.02","17",2019-07-30 14:33:47,2019-07-30 14:33:47
113,Dwight Towne,Miss Chong Kemmer,Ford Focus,"294208.80","2019-04-26","7365.20","9",2019-07-30 14:33:47,2019-07-30 14:33:47
114,Latesha Fisher II,Reyes Cartwright,Nissan Versa,"170246.29","2016-04-03","8215.83","22",2019-07-30 14:33:47,2019-07-30 14:33:47
115,Loni Ernser,Henry McCullough,Dodge Challenger,"463679.77","2016-07-11","3452.33","5",2019-07-30 14:33:47,2019-07-30 14:33:47
116,Lance Cronin,Rueben Casper,Dodge Challenger,"393985.89","2015-08-09","6732.60","24",2019-07-30 14:33:47,2019-07-30 14:33:47
117,Ms. Arnold Kuhlman,Giovanni Douglas,Nissan Juke,"345968.04","2019-03-27","4272.70","4",2019-07-30 14:33:47,2019-07-30 14:33:47
118,Dr. Mina Leannon,Stephine Runolfsson,Chevy Camero,"480832.84","2016-02-27","3059.37","16",2019-07-30 14:33:47,2019-07-30 14:33:47
119,George Dibbert,Dennis Wiza,Buick Enclave,"224419.44","2018-11-24","9044.96","10",2019-07-30 14:33:47,2019-07-30 14:33:47
120,Vina Hettinger,Nubia Russel,Toyota Prius,"211657.97","2015-01-22","5220.57","9",2019-07-30 14:33:47,2019-07-30 14:33:47
121,Roland Rice Jr.,Michael Ernser PhD,Honda CR-V,"164402.24","2016-05-25","7223.37","7",2019-07-30 14:33:47,2019-07-30 14:33:47
122,Dr. Casey Zulauf,Veda Grimes,Dodge Challenger,"445877.94","2018-05-12","3559.09","12",2019-07-30 14:33:47,2019-07-30 14:33:47
123,Elyse O'Connell,Mr. Alicia Goldner,Ford F150,"246737.79","2016-11-13","7029.57","12",2019-07-30 14:33:47,2019-07-30 14:33:47
124,Erik Abbott,Ms. Jenise Prosacco,Audi A7,"372257.92","2017-04-25","8649.40","20",2019-07-30 14:33:47,2019-07-30 14:33:47
125,Maude Bednar,Takako Yundt,BMW 328i,"434159.18","2018-11-16","3425.38","21",2019-07-30 14:33:47,2019-07-30 14:33:47
126,Percy Flatley,Rubin Olson,Honda Odyssey,"118890.48","2017-03-31","3368.90","2",2019-07-30 14:33:47,2019-07-30 14:33:47
127,Jarrett Auer,Bradly Flatley,Buick LaCrosse,"173302.32","2019-05-31","7988.49","5",2019-07-30 14:33:47,2019-07-30 14:33:47
128,Dr. Forrest Bartoletti,Miss Bradly Cremin,BMW M3,"245074.81","2019-04-20","9544.16","17",2019-07-30 14:33:47,2019-07-30 14:33:47
129,Ms. Alberto Bartoletti,Wilmer Leuschke,Chevy Malibu,"122567.66","2014-09-20","8785.72","15",2019-07-30 14:33:47,2019-07-30 14:33:47
130,Kendal Krajcik,Miss Renaldo Howell,Lincoln MKX,"427994.65","2018-09-08","5677.13","19",2019-07-30 14:33:47,2019-07-30 14:33:47
131,Nubia Thiel,Roscoe Wiza,Honda Odyssey,"192210.42","2017-02-11","7865.51","5",2019-07-30 14:33:47,2019-07-30 14:33:47
132,Parker Murazik,Matha King Sr.,Buick Enclave,"172398.18","2015-01-17","7862.88","5",2019-07-30 14:33:47,2019-07-30 14:33:47
133,Janee Hessel,Ms. Vernia Mayer,BMW M5,"110029.42","2014-10-05","4959.35","9",2019-07-30 14:33:47,2019-07-30 14:33:47
134,Fe Larson V,Edgar Gislason,Honda Civic,"348643.37","2016-12-18","8675.61","15",2019-07-30 14:33:47,2019-07-30 14:33:47
135,Lue Bednar,Mariella Wilderman,Ford Focus,"366832.21","2016-12-07","4426.30","17",2019-07-30 14:33:47,2019-07-30 14:33:47
136,Luana Klein Jr.,Claretha Heidenreich Sr.,Audi A8,"456054.89","2018-12-03","8116.02","8",2019-07-30 14:33:47,2019-07-30 14:33:47
137,Kathryne Collier,Jazmine Hessel,BMW 328i,"493591.97","2017-05-24","6475.19","16",2019-07-30 14:33:47,2019-07-30 14:33:47
138,Allan Roob,Le Grimes,Audi A4,"282424.14","2016-09-25","9819.56","20",2019-07-30 14:33:47,2019-07-30 14:33:47
139,Kendall Considine,Elroy Erdman,Buick Riveria,"126038.98","2016-07-01","8912.48","3",2019-07-30 14:33:47,2019-07-30 14:33:47
140,Treva Grimes,Sulema Johns,Dodge Charger,"331684.53","2018-03-26","8796.49","19",2019-07-30 14:33:47,2019-07-30 14:33:47
141,Brain Kerluke,Eloisa Jacobs,Lincoln MKX,"489256.74","2018-07-16","4758.97","4",2019-07-30 14:33:47,2019-07-30 14:33:47
142,Percy Nienow,Margurite Stanton,Lincoln Navigator,"195568.24","2015-01-14","6566.59","7",2019-07-30 14:33:47,2019-07-30 14:33:47
143,Linwood Crona PhD,Shanta Moore,Toyota Prius,"222283.44","2015-03-06","9338.87","18",2019-07-30 14:33:47,2019-07-30 14:33:47
144,Lavonia Cummings,Edgardo Rosenbaum,Honda Accord,"218270.57","2018-10-02","4041.83","11",2019-07-30 14:33:47,2019-07-30 14:33:47
145,Alaina Koelpin,Jayson Mante,Lincoln Navigator,"320507.86","2019-04-12","7096.65","17",2019-07-30 14:33:47,2019-07-30 14:33:47
146,Mr. Majorie Friesen,Vannessa Gerlach,Lincoln MKX,"111208.08","2019-05-10","5194.78","17",2019-07-30 14:33:47,2019-07-30 14:33:47
147,Ms. Lawrence Osinski,Lupe Collier,Honda Civic,"381606.43","2015-05-28","8175.64","16",2019-07-30 14:33:47,2019-07-30 14:33:47
148,Bobbi Walter,Noel Stamm,Dodge Challenger,"248610.43","2016-07-31","7331.46","15",2019-07-30 14:33:47,2019-07-30 14:33:47
149,Veta Schmidt,Aron Farrell Sr.,Buick Verano,"239570.21","2015-08-17","8097.07","1",2019-07-30 14:33:47,2019-07-30 14:33:47
150,Arletha Adams DDS,Maria Nienow,Chevy Silverado,"362601.44","2017-10-28","3852.26","12",2019-07-30 14:33:47,2019-07-30 14:33:47
151,Ivette Quitzon,Chadwick Bernhard,Ford F150,"172066.40","2014-12-14","7312.20","10",2019-07-30 14:33:47,2019-07-30 14:33:47
152,Carlton Kihn,Ty Yost,Ford Fiesta,"289783.27","2019-07-20","3409.05","13",2019-07-30 14:33:47,2019-07-30 14:33:47
153,Mike Prohaska Jr.,Bella Hilll,Toyota Camry,"441983.96","2016-02-29","7415.10","14",2019-07-30 14:33:47,2019-07-30 14:33:47
154,Thanh Rice,Otha Larson,Dodge Ram,"194209.14","2018-02-12","6853.09","14",2019-07-30 14:33:47,2019-07-30 14:33:47
155,Mrs. Hang Johns,Stephany Heidenreich III,Ford F150,"189162.25","2018-12-14","5224.77","19",2019-07-30 14:33:47,2019-07-30 14:33:47
156,Miquel Cummings,Edelmira Labadie,Buick Riveria,"399896.94","2015-07-04","5964.09","12",2019-07-30 14:33:47,2019-07-30 14:33:47
157,Mr. Jovan Huel,Hayley Dach,Honda CR-V,"334888.91","2018-05-13","5836.98","24",2019-07-30 14:33:47,2019-07-30 14:33:47
158,Corey Kreiger,Anton Thompson,Buick Regal,"102274.58","2015-02-22","3220.95","4",2019-07-30 14:33:47,2019-07-30 14:33:47
159,Adele Gerlach,Buddy Ledner,Honda CR-V,"155179.27","2016-03-05","9514.62","2",2019-07-30 14:33:47,2019-07-30 14:33:47
160,Emory Kunze,Ardelle Bradtke,Buick Enclave,"395513.50","2019-04-27","7473.40","12",2019-07-30 14:33:47,2019-07-30 14:33:47
161,Miss Carmen Little,Kenyetta Mosciski,Toyota Corolla,"430884.86","2015-09-15","5989.34","22",2019-07-30 14:33:47,2019-07-30 14:33:47
162,Mr. Van Effertz,Armando Koch,Audi S5,"282669.78","2015-11-19","8605.16","24",2019-07-30 14:33:47,2019-07-30 14:33:47
163,Travis Dibbert,Miss Connie Little,Ford Fiesta,"380843.08","2017-02-21","6700.11","25",2019-07-30 14:33:47,2019-07-30 14:33:47
164,Rudolf Sporer,Tania Block Sr.,BMW 328i,"113416.79","2017-09-19","9544.06","18",2019-07-30 14:33:47,2019-07-30 14:33:47
165,Russ Bogan MD,Elicia Schumm,Nissan Juke,"240208.48","2019-02-23","8478.45","2",2019-07-30 14:33:47,2019-07-30 14:33:47
166,Julia Marvin PhD,Jesusita Jakubowski,Toyota Camry,"374707.82","2017-03-09","4190.85","16",2019-07-30 14:33:47,2019-07-30 14:33:47
167,Cary Armstrong II,Rey Donnelly,Chevy Malibu,"261427.93","2016-10-12","3444.93","13",2019-07-30 14:33:47,2019-07-30 14:33:47
168,Yahaira Nitzsche,Jeane Schaefer,Audi A5,"459566.62","2015-12-17","6729.31","5",2019-07-30 14:33:47,2019-07-30 14:33:47
169,Solomon Rice,Edward Kuhn III,Toyota Corolla,"249272.38","2019-01-06","7156.95","25",2019-07-30 14:33:47,2019-07-30 14:33:47
170,Zonia Lang IV,Flo Douglas,Nissan Cube,"315220.30","2015-01-24","4964.93","2",2019-07-30 14:33:47,2019-07-30 14:33:47
171,Mrs. Alton Heller,Rex Halvorson,Nissan Versa,"354016.07","2017-06-30","9613.70","17",2019-07-30 14:33:47,2019-07-30 14:33:47
172,Kareem Christiansen,Agustina Lowe,Ford Mustang,"477444.75","2015-10-26","7258.10","5",2019-07-30 14:33:47,2019-07-30 14:33:47
173,Waldo Nader,Caleb Krajcik,Ford F150,"130114.24","2017-09-20","6803.01","17",2019-07-30 14:33:47,2019-07-30 14:33:47
174,Miss Landon McGlynn,Tracie Rau,Ford Fiesta,"369564.61","2017-06-11","5593.34","7",2019-07-30 14:33:47,2019-07-30 14:33:47
175,Zelda Jacobi I,Mr. Martin Kilback,Nissan Altima,"481595.57","2016-05-07","4035.55","4",2019-07-30 14:33:47,2019-07-30 14:33:47
176,Nicky Barrows,Sanda Mitchell,BMW X3,"435561.80","2016-06-29","3675.33","25",2019-07-30 14:33:47,2019-07-30 14:33:47
177,Debby Lang V,Josef Tillman Jr.,Buick Encore,"452209.75","2019-03-07","9356.49","6",2019-07-30 14:33:47,2019-07-30 14:33:47
178,Dong McLaughlin,Eleni Hickle II,Honda Odyssey,"210785.60","2015-07-28","5383.59","19",2019-07-30 14:33:47,2019-07-30 14:33:47
179,Dr. Renato McKenzie,Jayson Mosciski,BMW M3,"294831.61","2018-09-26","4751.12","9",2019-07-30 14:33:47,2019-07-30 14:33:47
180,Mr. Carl Schroeder,Kathey Feest,Buick Encore,"346543.67","2015-01-25","3636.06","24",2019-07-30 14:33:47,2019-07-30 14:33:47
181,Louie Adams PhD,Lakenya Hegmann,Honda CR-V,"328722.96","2019-03-12","9835.63","18",2019-07-30 14:33:47,2019-07-30 14:33:47
182,Gladis Yundt,Miss Winston Mann,Honda Accord,"372875.53","2014-11-02","7086.29","14",2019-07-30 14:33:47,2019-07-30 14:33:47
183,Claude Pfeffer,Daine Roob,BMW M3,"412054.58","2018-07-18","8570.97","22",2019-07-30 14:33:47,2019-07-30 14:33:47
184,Timmy Pollich,Mr. Marian Farrell,Lincoln MKZ,"273820.23","2016-01-19","4756.49","25",2019-07-30 14:33:47,2019-07-30 14:33:47
185,Kandace Bechtelar,Elvis Littel,Lincoln MKS,"268246.14","2019-06-17","6833.14","24",2019-07-30 14:33:47,2019-07-30 14:33:47
186,Alyssa Farrell,Dorthea Hilll,Ford Mustang,"348548.43","2015-03-12","4961.11","6",2019-07-30 14:33:47,2019-07-30 14:33:47
187,August Graham,James Emard,Toyota Prius,"288533.45","2017-05-26","4830.65","18",2019-07-30 14:33:47,2019-07-30 14:33:47
188,Wes Dach II,Miss Carmelina Ondricka,BMW X3,"160972.70","2016-07-03","3700.39","13",2019-07-30 14:33:47,2019-07-30 14:33:47
189,Autumn Roob DDS,Kacey Metz,Chevy Malibu,"141077.02","2017-06-21","5552.65","13",2019-07-30 14:33:47,2019-07-30 14:33:47
190,Cary Collins,Linette Stoltenberg,Buick Verano,"109489.63","2014-09-06","5678.64","22",2019-07-30 14:33:47,2019-07-30 14:33:47
191,Dean Daniel DVM,Ms. Shanel Wintheiser,Toyota Corolla,"396612.25","2018-01-17","7727.20","8",2019-07-30 14:33:47,2019-07-30 14:33:47
192,Aaron Mertz,Evelyn Stark Sr.,Lincoln Navigator,"450192.97","2019-01-17","9633.90","12",2019-07-30 14:33:47,2019-07-30 14:33:47
193,Nancie Conn,Ms. Kimbra Wiza,Toyota Corolla,"289988.34","2015-01-18","7534.34","19",2019-07-30 14:33:47,2019-07-30 14:33:47
194,Mr. Charley Adams,Taylor Kunze MD,Buick Regal,"317693.92","2017-08-08","9603.29","18",2019-07-30 14:33:47,2019-07-30 14:33:47
195,Miss Claude Bosco,Reginald Gislason,Nissan Juke,"239143.70","2016-02-21","8022.10","12",2019-07-30 14:33:47,2019-07-30 14:33:47
196,Mrs. Rey Stroman,Timothy Labadie,Audi A8,"171381.75","2015-11-21","3611.17","3",2019-07-30 14:33:47,2019-07-30 14:33:47
197,Moses Shanahan,Loyd Quitzon,Buick Regal,"480481.08","2018-02-26","7601.17","2",2019-07-30 14:33:47,2019-07-30 14:33:47
198,Adelaida Walker,Sharolyn Schulist,Chevy Malibu,"298038.09","2014-10-26","9386.26","18",2019-07-30 14:33:47,2019-07-30 14:33:47
199,Kenton Kling,Mrs. May Baumbach,BMW X5,"327589.19","2015-10-14","8463.20","15",2019-07-30 14:33:47,2019-07-30 14:33:47
200,Gerardo Kling,Mrs. Kesha Fay,Chevy Malibu,"287148.44","2015-02-01","8160.63","17",2019-07-30 14:33:47,2019-07-30 14:33:47
201,Delmar Feest,Shera Gusikowski,Lincoln MKS,"204489.16","2018-03-21","3739.20","20",2019-07-30 14:33:47,2019-07-30 14:33:47
202,Ezekiel Schamberger,Elicia Krajcik IV,Nissan Versa,"415212.44","2014-07-31","9713.67","19",2019-07-30 14:33:47,2019-07-30 14:33:47
203,Mike Volkman III,Thurman Wilkinson,Ford F150,"471696.87","2018-01-21","7298.35","25",2019-07-30 14:33:47,2019-07-30 14:33:47
204,Terrence Shanahan,Andrew Reilly,Toyota Prius,"257490.32","2017-07-20","8139.34","14",2019-07-30 14:33:47,2019-07-30 14:33:47
205,Alyssa Bartoletti,Mitchel Auer,Buick Verano,"112300.01","2015-10-06","8067.61","3",2019-07-30 14:33:47,2019-07-30 14:33:47
206,Teena Torp,Dr. Johnathan Bayer,Dodge Ram,"245454.75","2016-09-09","4385.39","10",2019-07-30 14:33:47,2019-07-30 14:33:47
207,Emmett Ward,Brendon Shields,Toyota Prius,"432832.15","2017-09-11","5902.04","1",2019-07-30 14:33:47,2019-07-30 14:33:47
208,Candy Quigley,Monica Brakus PhD,Ford Focus,"221790.89","2018-01-16","7464.65","20",2019-07-30 14:33:47,2019-07-30 14:33:47
209,Andrew Cassin MD,Salvatore Kozey,Audi A5,"416504.07","2017-05-28","5411.65","22",2019-07-30 14:33:47,2019-07-30 14:33:47
210,Rodrigo Bauch Jr.,Nenita Carter,Audi A8,"210555.68","2015-06-05","6696.61","7",2019-07-30 14:33:47,2019-07-30 14:33:47
211,Ms. Drew Kuhic,Levi Hessel II,Honda Civic,"423171.17","2016-12-18","9500.26","18",2019-07-30 14:33:47,2019-07-30 14:33:47
212,Fidela Romaguera,Santiago Langworth,Chevy Silverado,"296862.45","2016-12-21","3828.98","21",2019-07-30 14:33:47,2019-07-30 14:33:47
213,Jeneva Mitchell Sr.,Demetria Cronin,BMW X5,"332855.78","2018-04-28","3970.89","23",2019-07-30 14:33:47,2019-07-30 14:33:47
214,Miss Jamaal Cummings,Dr. Jordan Kiehn,Ford Focus,"181795.85","2018-11-14","8543.19","5",2019-07-30 14:33:47,2019-07-30 14:33:47
215,Enoch Greenfelder,Diane Kessler DVM,Honda CR-V,"488557.54","2019-03-25","7137.62","18",2019-07-30 14:33:47,2019-07-30 14:33:47
216,Dr. Mariano Witting,Miss Marisol Robel,Toyota Corolla,"166187.00","2015-01-03","8657.11","6",2019-07-30 14:33:47,2019-07-30 14:33:47
217,Kyle Price,Shera Beier DDS,Nissan Rogue,"258064.56","2016-11-14","8556.96","20",2019-07-30 14:33:47,2019-07-30 14:33:47
218,Rachael Nicolas,Britt Hilll,Dodge Durango,"224295.99","2015-01-29","9297.22","20",2019-07-30 14:33:47,2019-07-30 14:33:47
219,Britta Kshlerin,Christopher Reynolds,Chevy Camero,"230895.55","2017-03-18","4142.51","20",2019-07-30 14:33:47,2019-07-30 14:33:47
220,Alonzo Willms,Wilber O'Conner,Audi A4,"158346.66","2018-03-07","4267.65","7",2019-07-30 14:33:47,2019-07-30 14:33:47
221,Ms. Dion Thompson,Numbers Predovic,Nissan Versa,"152127.94","2015-11-07","7935.12","9",2019-07-30 14:33:47,2019-07-30 14:33:47
222,Magda Hermann,Kurtis Huel III,Nissan Altima,"246150.81","2015-02-01","3475.62","11",2019-07-30 14:33:47,2019-07-30 14:33:47
223,Milo Romaguera,Russel Rosenbaum,Chevy Malibu,"414847.49","2016-07-18","8748.35","6",2019-07-30 14:33:47,2019-07-30 14:33:47
224,Ivan Kulas IV,Ms. Duane D'Amore,Chevy Silverado,"101533.87","2018-12-18","7264.60","8",2019-07-30 14:33:47,2019-07-30 14:33:47
225,Miss Andre Hansen,Lon Schinner,Dodge Durango,"395361.55","2015-01-25","4263.36","22",2019-07-30 14:33:47,2019-07-30 14:33:47
226,Raisa Beier Jr.,Dino Emmerich,Audi A8,"101924.10","2017-10-12","3538.94","11",2019-07-30 14:33:47,2019-07-30 14:33:47
227,Derick Hackett,Brice Brakus DDS,Toyota Corolla,"299391.80","2018-05-06","6348.74","12",2019-07-30 14:33:47,2019-07-30 14:33:47
228,Mrs. Minna Pacocha,Miles Walter,Buick Enclave,"298066.48","2016-06-10","4801.54","21",2019-07-30 14:33:47,2019-07-30 14:33:47
229,Andrea Goyette,Un Steuber,Nissan Rogue,"288527.73","2014-11-02","7165.87","5",2019-07-30 14:33:47,2019-07-30 14:33:47
230,Mrs. Billie Grimes,Paul Conn Sr.,Chevy Camero,"468529.58","2014-09-14","9961.83","24",2019-07-30 14:33:47,2019-07-30 14:33:47
231,Aldo Klein,Vernita Dooley,Nissan Altima,"417919.99","2015-09-19","8480.49","8",2019-07-30 14:33:47,2019-07-30 14:33:47
232,Latarsha Hettinger,Cameron Johnston,Dodge Durango,"429155.39","2018-02-06","8187.86","16",2019-07-30 14:33:47,2019-07-30 14:33:47
233,Lulu Hand MD,Monica Romaguera,Toyota Prius,"115343.36","2015-08-22","6458.31","21",2019-07-30 14:33:47,2019-07-30 14:33:47
234,Anthony Paucek,Lyle Goyette,Ford F150,"294039.14","2018-04-03","3605.54","25",2019-07-30 14:33:47,2019-07-30 14:33:47
235,Morton Mills,Mrs. Cristi Flatley,Honda CR-V,"240339.04","2016-05-15","3406.83","18",2019-07-30 14:33:47,2019-07-30 14:33:47
236,Darell Larson,Arron Roberts,Honda Odyssey,"250963.61","2015-08-30","6854.91","2",2019-07-30 14:33:47,2019-07-30 14:33:47
237,Eloy Anderson Jr.,Johnny Smith,Lincoln MKZ,"497850.25","2016-08-23","4235.33","1",2019-07-30 14:33:47,2019-07-30 14:33:47
238,Jule Raynor,Altagracia Weimann,Ford Fiesta,"134142.65","2017-04-02","3759.19","11",2019-07-30 14:33:47,2019-07-30 14:33:47
239,Kam Braun,Filiberto Bednar DDS,BMW X5,"403816.14","2017-01-02","8388.89","18",2019-07-30 14:33:47,2019-07-30 14:33:47
240,Jackson Franecki,Francis Raynor,BMW X5,"421468.60","2015-02-02","5236.20","7",2019-07-30 14:33:47,2019-07-30 14:33:47
241,Casey Jenkins,Leopoldo Weissnat,Buick Regal,"230002.40","2015-04-05","4509.37","17",2019-07-30 14:33:47,2019-07-30 14:33:47
242,Mrs. Hunter Kulas,Dr. Justina Keeling,Audi A5,"345532.07","2016-11-04","8404.75","9",2019-07-30 14:33:47,2019-07-30 14:33:47
243,Elroy Ward,Malcolm Boyle,Toyota Corolla,"466104.10","2016-08-23","7705.99","1",2019-07-30 14:33:47,2019-07-30 14:33:47
244,Tam Mosciski I,Ms. Cathie Howell,Nissan Pathfiner,"324075.42","2016-02-16","8116.04","12",2019-07-30 14:33:47,2019-07-30 14:33:47
245,Joel Streich,Houston Senger,Honda Accord,"358855.27","2019-04-12","7845.31","8",2019-07-30 14:33:47,2019-07-30 14:33:47
246,Miss Ricky Breitenberg,Ruben Kshlerin MD,BMW X3,"246574.33","2019-04-11","4733.07","20",2019-07-30 14:33:47,2019-07-30 14:33:47
247,Lynnette Jacobi,Sid Rowe,Toyota Prius,"326181.50","2015-04-17","4686.18","11",2019-07-30 14:33:47,2019-07-30 14:33:47
248,Theresia Gusikowski,Marcos Padberg,Nissan Rogue,"424841.44","2016-07-04","6093.24","16",2019-07-30 14:33:47,2019-07-30 14:33:47
249,Veta Breitenberg DDS,Ramonita Armstrong Jr.,Nissan Rogue,"215114.70","2018-08-24","9959.98","21",2019-07-30 14:33:47,2019-07-30 14:33:47
250,Collen Medhurst,Leo Weber,Nissan Cube,"469390.16","2015-04-19","5065.66","1",2019-07-30 14:33:47,2019-07-30 14:33:47
251,Ullam officia laboriosam. Est et voluptate. Minima vel.,Magaret Rau,Audi A8,"238413.08","2014-10-18","5042.33","16",2019-07-30 14:33:55,2019-07-30 14:33:55
252,Blanditiis placeat mollitia. Magnam voluptatem eos. Vo.,Joanna Kessler,Honda Odyssey,"444364.16","2019-07-16","5552.64","11",2019-07-30 14:33:55,2019-07-30 14:33:55
253,Explicabo qui nulla. Et molestias voluptas. Eligendi n.,Denis Turcotte,Ford Mustang,"213719.40","2017-01-07","8004.64","12",2019-07-30 14:33:55,2019-07-30 14:33:55
254,Voluptatem nulla cumque. Blanditiis quas error. Aut di.,Nickolas Legros,Chevy Camero,"278060.57","2019-05-19","8826.95","9",2019-07-30 14:33:55,2019-07-30 14:33:55
255,Fugit numquam consectetur. Delectus corrupti amet. Qui.,Mr. Leigh Wuckert,Lincoln Navigator,"305102.76","2018-05-20","6618.35","22",2019-07-30 14:33:55,2019-07-30 14:33:55
256,Odio possimus ut. Quia ipsum cum. Qui sed aut. Explica.,Matt Blick,Audi A5,"470014.65","2014-12-30","5786.44","15",2019-07-30 14:33:55,2019-07-30 14:33:55
257,Nobis ab nam. Ex sed et. Cupiditate eum molestiae. Sed.,Mr. Mary Johnson,Chevy Malibu,"278098.93","2018-10-17","9055.11","8",2019-07-30 14:33:55,2019-07-30 14:33:55
258,Hic dolore at. Iste ut maxime. Consequatur iure animi..,Deanne Welch II,Ford F150,"169773.19","2016-04-07","8422.36","2",2019-07-30 14:33:55,2019-07-30 14:33:55
259,Est porro aut. Blanditiis commodi totam. Omnis cum fug.,Ervin Gaylord,Chevy Malibu,"134809.99","2017-01-12","4297.71","8",2019-07-30 14:33:55,2019-07-30 14:33:55
260,Explicabo qui est. Alias itaque consequatur. Ipsum et .,Analisa Stehr,Lincoln MKX,"272070.21","2017-01-10","4625.88","1",2019-07-30 14:33:55,2019-07-30 14:33:55
261,Johnetta Graham,Leota Wiza,Rerum illo beatae. At et amet. In in iure. Quam quis q.,"137332.38","2015-06-02","3961.21","17",2019-07-30 14:33:55,2019-07-30 14:33:55
262,Edgardo Morar,Vito Schuster,Excepturi enim est. Dolorem et sunt. Harum inventore d.,"212698.17","2014-09-12","6573.85","9",2019-07-30 14:33:55,2019-07-30 14:33:55
263,Fairy Ernser,Sharon Rippin,Dolorem sequi aut. Harum dolore quis. Optio repellat v.,"333870.87","2017-12-01","5602.00","4",2019-07-30 14:33:55,2019-07-30 14:33:55
264,Josephina Hickle,Nathanial Kulas,Quia minima aut. Totam nesciunt expedita. Maxime itaqu.,"229675.60","2017-12-30","4258.61","11",2019-07-30 14:33:55,2019-07-30 14:33:55
265,Wm Lemke,Vicente Kirlin,Id soluta tenetur. Eaque perferendis corrupti. Molesti.,"426823.64","2018-05-13","8815.86","10",2019-07-30 14:33:55,2019-07-30 14:33:55
266,Tama Rogahn,Rhett Kiehn,Qui voluptas quibusdam. Aliquid possimus repellendus. .,"306170.72","2016-11-22","7139.25","13",2019-07-30 14:33:55,2019-07-30 14:33:55
267,Darron Schmidt III,Rebbeca Jast,Dolores possimus voluptatem. Rerum error non. Aut cons.,"405790.04","2017-01-16","8111.34","12",2019-07-30 14:33:55,2019-07-30 14:33:55
268,Enoch Cormier,Evangeline Altenwerth,Dolores deserunt corrupti. Consequuntur ipsam aut. Qua.,"454682.65","2017-09-03","6959.86","23",2019-07-30 14:33:55,2019-07-30 14:33:55
269,Millicent Brakus,Melinda O'Connell II,Temporibus minima exercitationem. Nam et blanditiis. C.,"298790.85","2014-10-30","7083.17","23",2019-07-30 14:33:55,2019-07-30 14:33:55
270,Tennie Bauch,Jerrell Dare,Voluptas pariatur hic. Laudantium cum aut. Mollitia ra.,"346651.66","2017-06-24","7538.31","23",2019-07-30 14:33:55,2019-07-30 14:33:55
271,Kathryne Stanton,Hollis Volkman,Chevy Camero,wOvtb,"2014-08-29","5477.26","15",2019-07-30 14:33:55,2019-07-30 14:33:55
272,Elijah Osinski PhD,Willis Champlin,Chevy Malibu,yAygQ,"2015-10-03","8941.00","17",2019-07-30 14:33:55,2019-07-30 14:33:55
273,Matt Collier,Miss Raquel Herzog,BMW 328i,VDCHO,"2014-10-19","9705.98","22",2019-07-30 14:33:55,2019-07-30 14:33:55
274,Leroy Hickle II,Hoyt Thompson DVM,Toyota Camry,EFjbm,"2016-07-29","4063.11","4",2019-07-30 14:33:55,2019-07-30 14:33:55
275,Joshua Corkery,Laurena Kilback,Chevy Malibu,agMMY,"2015-01-20","3674.27","18",2019-07-30 14:33:55,2019-07-30 14:33:55
276,Phillip Littel,Mr. Jacqulyn Emmerich,Toyota Prius,pjvcM,"2016-01-01","6585.45","2",2019-07-30 14:33:55,2019-07-30 14:33:55
277,Terina Heathcote,Holley Jones,Ford F150,aMIkb,"2017-02-08","3825.92","3",2019-07-30 14:33:55,2019-07-30 14:33:55
278,Dr. Jame McDermott,Lewis Dare,BMW M3,EFyQz,"2018-08-16","7593.56","5",2019-07-30 14:33:55,2019-07-30 14:33:55
279,Anton Wilderman,Kirby Rohan,Nissan Rogue,rIALu,"2018-02-03","9154.69","5",2019-07-30 14:33:55,2019-07-30 14:33:55
280,Aleen Kreiger,Charlesetta Weissnat DDS,Lincoln Navigator,klEBt,"2016-12-14","5823.56","20",2019-07-30 14:33:55,2019-07-30 14:33:55
281,Johnny Hayes,Rueben O'Reilly,Ford F150,"130194.22",,"6405.39","21",2019-07-30 14:33:55,2019-07-30 14:33:55
282,Lavada Wisoky,Mrs. Earle Gutmann,Chevy Malibu,"406760.26",,"5059.38","11",2019-07-30 14:33:55,2019-07-30 14:33:55
283,Emery Marquardt,Burton Kunze,Toyota Prius,"278651.12",,"7311.52","7",2019-07-30 14:33:55,2019-07-30 14:33:55
284,Providencia Langworth,Vicky Hodkiewicz,Buick Regal,"104955.86",,"9823.02","21",2019-07-30 14:33:55,2019-07-30 14:33:55
285,Buena Hilpert,Randolph Beer,Audi A4,"279080.71",,"4881.40","16",2019-07-30 14:33:55,2019-07-30 14:33:55
286,Lupe Grimes,Stan Terry,Nissan Versa,"361861.45",,"3574.01","8",2019-07-30 14:33:55,2019-07-30 14:33:55
287,Romeo Bode,Louie Aufderhar,Dodge Durango,"156451.49",,"4528.41","14",2019-07-30 14:33:55,2019-07-30 14:33:55
288,Emory Shanahan Sr.,Mark Watsica,Lincoln Navigator,"360013.46",,"9477.00","6",2019-07-30 14:33:55,2019-07-30 14:33:55
289,Mr. Lizabeth Carter,Tommie Becker,Lincoln MKS,"165189.56",,"9940.28","1",2019-07-30 14:33:55,2019-07-30 14:33:55
290,Lahoma Bode,Niki Yost,BMW 328i,"285250.15",,"6154.71","23",2019-07-30 14:33:55,2019-07-30 14:33:55
291,Jennefer Altenwerth,Ula Kuhic,Nissan Rogue,"382116.51","2018-12-30","7671.44",kg,2019-07-30 14:33:55,2019-07-30 14:33:55
292,Jeffery Wolf DVM,Collin Zulauf DDS,Chevy Malibu,"442792.53","2016-06-15","5569.43",bh,2019-07-30 14:33:55,2019-07-30 14:33:55
293,Loyd Lemke,Eugenio Hodkiewicz,Dodge Challenger,"180583.39","2018-06-27","9807.38",VJ,2019-07-30 14:33:55,2019-07-30 14:33:55
294,Iraida Kuphal,Latarsha Haley Sr.,Dodge Ram,"490134.82","2019-02-14","3085.12",NR,2019-07-30 14:33:55,2019-07-30 14:33:55
295,Dr. Margery Ullrich,Miss Hollis Hauck,Nissan Altima,"230631.31","2016-06-16","6268.12",oU,2019-07-30 14:33:55,2019-07-30 14:33:55
296,Mohamed West,Leon Spinka,Nissan Rogue,"254862.12","2017-02-01","5630.46",NC,2019-07-30 14:33:55,2019-07-30 14:33:55
297,Henry Ryan,Maire Donnelly,Nissan Altima,"495193.97","2015-04-04","4176.82",Yg,2019-07-30 14:33:55,2019-07-30 14:33:55
298,Miss Anabel Rohan,Dr. Tama Ledner,Honda CR-V,"225639.21","2015-03-02","4043.47",jd,2019-07-30 14:33:55,2019-07-30 14:33:55
299,Dixie Mann,Mrs. Vania Larkin,Buick LaCrosse,"435609.35","2014-12-20","7274.86",ko,2019-07-30 14:33:55,2019-07-30 14:33:55
300,Shirley Brown,Brittni Reilly,Lincoln MKX,"131776.45","2014-09-08","9647.16",eg,2019-07-30 14:33:55,2019-07-30 14:33:55
