"id","name","last_name","phone","email","created_at","updated_at"
1,Christene,Price,"3922941",chung_rogahn@gmail.com,2019-07-30 14:33:41,2019-07-30 14:33:41
2,Benny,Marks,"3173055",gina@hotmail.com,2019-07-30 14:33:41,2019-07-30 14:33:41
3,Quentin,Russel,"3449897",glen@yahoo.com,2019-07-30 14:33:41,2019-07-30 14:33:41
4,Lonnie,Emmerich,"3906384",valentine.rowe@yahoo.com,2019-07-30 14:33:41,2019-07-30 14:33:41
5,Trinh,Cummings,"3799087",dori@hotmail.com,2019-07-30 14:33:41,2019-07-30 14:33:41
6,Jocelyn,Orn,"3802647",kathryn_ritchie@yahoo.com,2019-07-30 14:33:41,2019-07-30 14:33:41
7,Gregoria,Sanford,"3396550",justin@hotmail.com,2019-07-30 14:33:41,2019-07-30 14:33:41
8,Jared,Weimann,"3453490",quintin@gmail.com,2019-07-30 14:33:41,2019-07-30 14:33:41
9,Filiberto,Rohan,"3233353",syble_mohr@hotmail.com,2019-07-30 14:33:41,2019-07-30 14:33:41
10,Alia,Kutch,"3569773",mavis_botsford@gmail.com,2019-07-30 14:33:41,2019-07-30 14:33:41
11,Eura,Heaney,"3695726",buddy@hotmail.com,2019-07-30 14:33:41,2019-07-30 14:33:41
12,Cheryl,Bogisich,"3658043",alex@hotmail.com,2019-07-30 14:33:41,2019-07-30 14:33:41
13,Hilton,Wunsch,"3948906",lavina@gmail.com,2019-07-30 14:33:41,2019-07-30 14:33:41
14,Roosevelt,Ward,"3253884",kathryn_hirthe@yahoo.com,2019-07-30 14:33:41,2019-07-30 14:33:41
15,Brent,Quitzon,"3804833",verdell@gmail.com,2019-07-30 14:33:41,2019-07-30 14:33:41
16,Rickie,Emmerich,"3347828",ricardo@yahoo.com,2019-07-30 14:33:41,2019-07-30 14:33:41
17,Ramon,Stroman,"3355938",laquanda.dooley@yahoo.com,2019-07-30 14:33:41,2019-07-30 14:33:41
18,Jules,Fadel,"3762503",julio@yahoo.com,2019-07-30 14:33:41,2019-07-30 14:33:41
19,Joel,Connelly,"3676849",inga_bechtelar@hotmail.com,2019-07-30 14:33:41,2019-07-30 14:33:41
20,Clemente,Upton,"3570567",marleen@yahoo.com,2019-07-30 14:33:41,2019-07-30 14:33:41
21,Vance,Lemke,"3784082",isaias_boehm@yahoo.com,2019-07-30 14:33:41,2019-07-30 14:33:41
22,Kimberely,Collier,"3717329",gaston_kertzmann@yahoo.com,2019-07-30 14:33:41,2019-07-30 14:33:41
23,Theo,Runolfsdottir,"3955690",edmund@hotmail.com,2019-07-30 14:33:41,2019-07-30 14:33:41
24,Margie,Purdy,"3167100",lucio_barton@gmail.com,2019-07-30 14:33:41,2019-07-30 14:33:41
25,Arica,Pfeffer,"3421145",kerry_mosciski@yahoo.com,2019-07-30 14:33:41,2019-07-30 14:33:41
26,Elmira,Corwin,"3933860",chi_torphy@gmail.com,2019-07-30 14:33:41,2019-07-30 14:33:41
27,Luciana,Bergnaum,"3403248",cole@gmail.com,2019-07-30 14:33:41,2019-07-30 14:33:41
28,Craig,Nicolas,"3941551",thaddeus@gmail.com,2019-07-30 14:33:41,2019-07-30 14:33:41
29,William,Simonis,"3990010",wilton_bednar@hotmail.com,2019-07-30 14:33:41,2019-07-30 14:33:41
30,Paige,Schiller,"3364994",elijah_fritsch@gmail.com,2019-07-30 14:33:41,2019-07-30 14:33:41
31,Hollis,Morissette,"3858327",jonah@gmail.com,2019-07-30 14:33:41,2019-07-30 14:33:41
32,Enrique,Reynolds,"3334770",kayce_klocko@hotmail.com,2019-07-30 14:33:41,2019-07-30 14:33:41
33,Aurelia,Breitenberg,"3687736",rosario.daniel@yahoo.com,2019-07-30 14:33:41,2019-07-30 14:33:41
34,Tyler,Kozey,"3228615",roxanna@hotmail.com,2019-07-30 14:33:41,2019-07-30 14:33:41
35,Lashawnda,Kemmer,"3205360",collen@yahoo.com,2019-07-30 14:33:41,2019-07-30 14:33:41
36,Dorie,Rau,"3178250",wade@gmail.com,2019-07-30 14:33:41,2019-07-30 14:33:41
37,Aura,Aufderhar,"3345462",berenice.upton@gmail.com,2019-07-30 14:33:41,2019-07-30 14:33:41
38,Courtney,Feeney,"3289783",khalilah@hotmail.com,2019-07-30 14:33:41,2019-07-30 14:33:41
39,Odell,Johnson,"3723927",cody@gmail.com,2019-07-30 14:33:41,2019-07-30 14:33:41
40,Brenton,Turcotte,"3836229",mercedes.wyman@yahoo.com,2019-07-30 14:33:41,2019-07-30 14:33:41
41,Alden,Rath,"3322388",dalila@gmail.com,2019-07-30 14:33:41,2019-07-30 14:33:41
42,Carri,Kerluke,"3235320",lidia@gmail.com,2019-07-30 14:33:41,2019-07-30 14:33:41
43,Kaitlyn,Wilderman,"3779937",rolf@gmail.com,2019-07-30 14:33:41,2019-07-30 14:33:41
44,Bill,Murphy,"3230332",alix@hotmail.com,2019-07-30 14:33:41,2019-07-30 14:33:41
45,Sylvester,Daugherty,"3732609",alden@gmail.com,2019-07-30 14:33:41,2019-07-30 14:33:41
46,Ellis,Streich,"3538362",ophelia@yahoo.com,2019-07-30 14:33:41,2019-07-30 14:33:41
47,Susana,Schneider,"3284754",christian_crona@yahoo.com,2019-07-30 14:33:41,2019-07-30 14:33:41
48,Reynaldo,Predovic,"3358225",lemuel_leannon@yahoo.com,2019-07-30 14:33:41,2019-07-30 14:33:41
49,Dustin,Stanton,"3445219",riva_strosin@gmail.com,2019-07-30 14:33:41,2019-07-30 14:33:41
50,Isreal,Reichert,"3600484",tyron@gmail.com,2019-07-30 14:33:41,2019-07-30 14:33:41
51,Stanton,Parisian,"3113757",merrie@yahoo.com,2019-07-30 14:33:41,2019-07-30 14:33:41
52,Edmund,Borer,"3737524",benedict@yahoo.com,2019-07-30 14:33:41,2019-07-30 14:33:41
53,Simon,Schowalter,"3344649",giuseppe_orn@yahoo.com,2019-07-30 14:33:41,2019-07-30 14:33:41
54,Vance,Johnson,"3940183",osvaldo_haley@hotmail.com,2019-07-30 14:33:41,2019-07-30 14:33:41
55,Tanner,Runte,"3253026",roberto.schuster@gmail.com,2019-07-30 14:33:41,2019-07-30 14:33:41
56,Markus,Moore,"3947902",lawrence@hotmail.com,2019-07-30 14:33:41,2019-07-30 14:33:41
57,Homer,Hauck,"3638995",ardelia.wuckert@hotmail.com,2019-07-30 14:33:41,2019-07-30 14:33:41
58,Otto,Trantow,"3489769",robbie@gmail.com,2019-07-30 14:33:41,2019-07-30 14:33:41
59,Bev,Price,"3338487",leonarda@yahoo.com,2019-07-30 14:33:41,2019-07-30 14:33:41
60,Lavona,O'Conner,"3592736",nicolas@gmail.com,2019-07-30 14:33:41,2019-07-30 14:33:41
61,Bert,Champlin,"3663804",florencio@hotmail.com,2019-07-30 14:33:41,2019-07-30 14:33:41
62,Cleo,Rohan,"3553206",ferdinand_blanda@hotmail.com,2019-07-30 14:33:41,2019-07-30 14:33:41
63,Alexander,Legros,"3897503",anthony.mueller@hotmail.com,2019-07-30 14:33:41,2019-07-30 14:33:41
64,Len,Ferry,"3511156",latashia.kuhlman@yahoo.com,2019-07-30 14:33:41,2019-07-30 14:33:41
65,Deidre,Reichert,"3502726",alda@yahoo.com,2019-07-30 14:33:41,2019-07-30 14:33:41
66,Lucius,Glover,"3261787",harvey@hotmail.com,2019-07-30 14:33:41,2019-07-30 14:33:41
67,Roxanne,Rippin,"3617528",claudine@hotmail.com,2019-07-30 14:33:41,2019-07-30 14:33:41
68,Margaretta,Botsford,"3184289",conrad.nitzsche@yahoo.com,2019-07-30 14:33:41,2019-07-30 14:33:41
69,Kirby,Sauer,"3863174",tawna_christiansen@gmail.com,2019-07-30 14:33:41,2019-07-30 14:33:41
70,Dick,Hintz,"3878414",francis.brekke@gmail.com,2019-07-30 14:33:41,2019-07-30 14:33:41
71,Sarina,Ryan,"3354252",kasey@hotmail.com,2019-07-30 14:33:41,2019-07-30 14:33:41
72,Carlo,Runte,"3733298",benedict.walker@gmail.com,2019-07-30 14:33:41,2019-07-30 14:33:41
73,Christoper,Cummings,"3736083",janise@gmail.com,2019-07-30 14:33:41,2019-07-30 14:33:41
74,Guillermo,Bartoletti,"3399229",maryjo@hotmail.com,2019-07-30 14:33:41,2019-07-30 14:33:41
75,Jeannette,Huels,"3467318",kena_rowe@gmail.com,2019-07-30 14:33:41,2019-07-30 14:33:41
76,Shakia,Green,"3898771",kerstin@gmail.com,2019-07-30 14:33:41,2019-07-30 14:33:41
77,Twyla,Tremblay,"3580920",leland@hotmail.com,2019-07-30 14:33:41,2019-07-30 14:33:41
78,Abram,Keebler,"3282642",garland.nikolaus@yahoo.com,2019-07-30 14:33:41,2019-07-30 14:33:41
79,Rickie,Hessel,"3126669",viviana.schowalter@hotmail.com,2019-07-30 14:33:41,2019-07-30 14:33:41
80,Erik,Schamberger,"3197214",roman.purdy@hotmail.com,2019-07-30 14:33:41,2019-07-30 14:33:41
81,Linwood,Farrell,"3525013",katrina.boehm@yahoo.com,2019-07-30 14:33:41,2019-07-30 14:33:41
82,Jimmy,Durgan,"3912063",karl@hotmail.com,2019-07-30 14:33:41,2019-07-30 14:33:41
83,Tanner,Stracke,"3444916",rigoberto_corwin@hotmail.com,2019-07-30 14:33:41,2019-07-30 14:33:41
84,Nancee,Torphy,"3587852",haan@hotmail.com,2019-07-30 14:33:41,2019-07-30 14:33:41
85,Lorenzo,Keeling,"3754200",hyman@hotmail.com,2019-07-30 14:33:41,2019-07-30 14:33:41
86,Winfred,Shanahan,"3237514",kayleen.corkery@gmail.com,2019-07-30 14:33:41,2019-07-30 14:33:41
87,Sudie,Goyette,"3638267",ariana_lakin@yahoo.com,2019-07-30 14:33:41,2019-07-30 14:33:41
88,Andre,Labadie,"3196190",whitley@yahoo.com,2019-07-30 14:33:41,2019-07-30 14:33:41
89,Eugenio,Halvorson,"3716177",jesus_rowe@gmail.com,2019-07-30 14:33:41,2019-07-30 14:33:41
90,Eric,Kovacek,"3534505",emmanuel@gmail.com,2019-07-30 14:33:41,2019-07-30 14:33:41
91,Willodean,Monahan,"3957808",nieves_lehner@hotmail.com,2019-07-30 14:33:41,2019-07-30 14:33:41
92,Arie,Kunze,"3692802",denver@gmail.com,2019-07-30 14:33:41,2019-07-30 14:33:41
93,Curtis,Lemke,"3381894",terrell@yahoo.com,2019-07-30 14:33:41,2019-07-30 14:33:41
94,Glynis,Mante,"3860490",taylor@hotmail.com,2019-07-30 14:33:41,2019-07-30 14:33:41
95,Riley,Hartmann,"3894662",rogelio@hotmail.com,2019-07-30 14:33:41,2019-07-30 14:33:41
96,Merle,Bruen,"3916970",rita@gmail.com,2019-07-30 14:33:41,2019-07-30 14:33:41
97,Hipolito,Streich,"3150128",marline_hartmann@gmail.com,2019-07-30 14:33:41,2019-07-30 14:33:41
98,Solomon,Erdman,"3565086",edmund@gmail.com,2019-07-30 14:33:41,2019-07-30 14:33:41
99,Jordan,Jenkins,"3104907",shantay@hotmail.com,2019-07-30 14:33:41,2019-07-30 14:33:41
100,Keneth,Goodwin,"3595514",katheryn.kulas@gmail.com,2019-07-30 14:33:41,2019-07-30 14:33:41
101,Theodore,Purdy,"3391838",johnsie.hettinger@gmail.com,2019-07-30 14:33:41,2019-07-30 14:33:41
102,Un,Goodwin,"3934109",antwan@hotmail.com,2019-07-30 14:33:41,2019-07-30 14:33:41
103,Guy,Schmitt,"3575188",leland@gmail.com,2019-07-30 14:33:41,2019-07-30 14:33:41
104,Angle,Rodriguez,"3269280",freeman.grady@hotmail.com,2019-07-30 14:33:41,2019-07-30 14:33:41
105,Cammie,Hahn,"3138872",britany_kautzer@yahoo.com,2019-07-30 14:33:41,2019-07-30 14:33:41
106,Leonida,Stokes,"3803346",dominick@gmail.com,2019-07-30 14:33:41,2019-07-30 14:33:41
107,Kathryn,Miller,"3528589",gwendolyn_oberbrunner@gmail.com,2019-07-30 14:33:41,2019-07-30 14:33:41
108,Reginia,Senger,"3298314",vanda@gmail.com,2019-07-30 14:33:41,2019-07-30 14:33:41
109,Clair,Heidenreich,"3546237",rory_will@hotmail.com,2019-07-30 14:33:41,2019-07-30 14:33:41
110,Terrence,Steuber,"3528154",nicholas.thompson@hotmail.com,2019-07-30 14:33:41,2019-07-30 14:33:41
111,Noreen,Stanton,"3853496",un@yahoo.com,2019-07-30 14:33:41,2019-07-30 14:33:41
112,Suzette,Murphy,"3176066",adrian_armstrong@hotmail.com,2019-07-30 14:33:41,2019-07-30 14:33:41
113,Merrill,Wehner,"3935778",inger_graham@yahoo.com,2019-07-30 14:33:41,2019-07-30 14:33:41
114,Marc,Konopelski,"3353408",verna@yahoo.com,2019-07-30 14:33:41,2019-07-30 14:33:41
115,Carri,Haag,"3807589",porfirio_oconnell@gmail.com,2019-07-30 14:33:41,2019-07-30 14:33:41
116,Salome,Kerluke,"3329696",ahmed.cruickshank@yahoo.com,2019-07-30 14:33:41,2019-07-30 14:33:41
117,Carrol,Gottlieb,"3202492",bethanie_kilback@hotmail.com,2019-07-30 14:33:41,2019-07-30 14:33:41
118,Nona,Aufderhar,"3142087",erick@yahoo.com,2019-07-30 14:33:41,2019-07-30 14:33:41
119,Monte,Rolfson,"3797733",pattie@hotmail.com,2019-07-30 14:33:41,2019-07-30 14:33:41
120,Teresa,Roberts,"3872911",shawanna.nienow@yahoo.com,2019-07-30 14:33:41,2019-07-30 14:33:41
121,Marylee,Oberbrunner,"3355280",shanita@yahoo.com,2019-07-30 14:33:41,2019-07-30 14:33:41
122,Joseph,Howe,"3969801",lela@gmail.com,2019-07-30 14:33:41,2019-07-30 14:33:41
123,Marhta,Wehner,"3950315",nathanael.krajcik@hotmail.com,2019-07-30 14:33:41,2019-07-30 14:33:41
124,Neal,Murray,"3993101",zack@hotmail.com,2019-07-30 14:33:41,2019-07-30 14:33:41
125,Richie,Hoppe,"3360919",johnathan.johns@yahoo.com,2019-07-30 14:33:41,2019-07-30 14:33:41
126,Darren,Larson,"3875569",wendell.will@hotmail.com,2019-07-30 14:33:41,2019-07-30 14:33:41
127,Chasidy,Gutmann,"3680856",sonny@yahoo.com,2019-07-30 14:33:41,2019-07-30 14:33:41
128,Mitchel,Shields,"3937078",sunni@yahoo.com,2019-07-30 14:33:41,2019-07-30 14:33:41
129,Ulysses,Kirlin,"3259182",stasia@hotmail.com,2019-07-30 14:33:41,2019-07-30 14:33:41
130,Young,Feest,"3161992",casey.veum@hotmail.com,2019-07-30 14:33:41,2019-07-30 14:33:41
131,Abraham,Hane,"3928581",hilton_hahn@yahoo.com,2019-07-30 14:33:41,2019-07-30 14:33:41
132,Elisha,Windler,"3233016",wen@hotmail.com,2019-07-30 14:33:41,2019-07-30 14:33:41
133,Fabian,Waters,"3529773",letisha@hotmail.com,2019-07-30 14:33:41,2019-07-30 14:33:41
134,Lanny,Gusikowski,"3426095",reynaldo@hotmail.com,2019-07-30 14:33:41,2019-07-30 14:33:41
135,Bradford,Hettinger,"3426279",anita@gmail.com,2019-07-30 14:33:41,2019-07-30 14:33:41
136,Heike,Tromp,"3811273",edythe@gmail.com,2019-07-30 14:33:41,2019-07-30 14:33:41
137,Bette,Bechtelar,"3838358",tempie_reichel@gmail.com,2019-07-30 14:33:41,2019-07-30 14:33:41
138,Monty,O'Hara,"3226084",rosanna@gmail.com,2019-07-30 14:33:41,2019-07-30 14:33:41
139,Candyce,Stiedemann,"3783895",marlon.rau@hotmail.com,2019-07-30 14:33:41,2019-07-30 14:33:41
140,Kristi,Blanda,"3969802",eura.mante@gmail.com,2019-07-30 14:33:41,2019-07-30 14:33:41
141,Bonny,Keebler,"3359246",lupita_kuhlman@yahoo.com,2019-07-30 14:33:41,2019-07-30 14:33:41
142,Jackie,Koelpin,"3686132",johanne@gmail.com,2019-07-30 14:33:41,2019-07-30 14:33:41
143,Constance,Pouros,"3967722",suzan@yahoo.com,2019-07-30 14:33:41,2019-07-30 14:33:41
144,Antione,Rolfson,"3267081",numbers.homenick@hotmail.com,2019-07-30 14:33:41,2019-07-30 14:33:41
145,Caleb,Feil,"3318891",scotty_kuhn@gmail.com,2019-07-30 14:33:41,2019-07-30 14:33:41
146,Corey,Spencer,"3784484",norbert@gmail.com,2019-07-30 14:33:41,2019-07-30 14:33:41
147,Terra,Rodriguez,"3407294",manie@gmail.com,2019-07-30 14:33:41,2019-07-30 14:33:41
148,Josiah,Collins,"3671893",shalanda@yahoo.com,2019-07-30 14:33:41,2019-07-30 14:33:41
149,Otha,Skiles,"3469845",duncan_kunde@hotmail.com,2019-07-30 14:33:41,2019-07-30 14:33:41
150,Mark,Kreiger,"3878907",clifford_bergstrom@yahoo.com,2019-07-30 14:33:41,2019-07-30 14:33:41
151,Mika,Trantow,"3726189",emery@yahoo.com,2019-07-30 14:33:41,2019-07-30 14:33:41
152,Else,Ernser,"3700236",dollie_quigley@gmail.com,2019-07-30 14:33:41,2019-07-30 14:33:41
153,Margarette,Keebler,"3950005",victor_olson@gmail.com,2019-07-30 14:33:41,2019-07-30 14:33:41
154,Lori,Bogisich,"3300247",melodee_denesik@gmail.com,2019-07-30 14:33:41,2019-07-30 14:33:41
155,Trang,Stokes,"3137440",fabian@hotmail.com,2019-07-30 14:33:41,2019-07-30 14:33:41
156,Joaquin,King,"3441842",trey@gmail.com,2019-07-30 14:33:41,2019-07-30 14:33:41
157,Asley,Hartmann,"3623529",randy_bartoletti@yahoo.com,2019-07-30 14:33:41,2019-07-30 14:33:41
158,Solomon,Kub,"3979783",nettie.fadel@yahoo.com,2019-07-30 14:33:41,2019-07-30 14:33:41
159,Nilsa,Abshire,"3693687",marlon@hotmail.com,2019-07-30 14:33:41,2019-07-30 14:33:41
160,Aleta,Flatley,"3837942",joy.okon@yahoo.com,2019-07-30 14:33:41,2019-07-30 14:33:41
161,Celinda,Bauch,"3203600",rima@yahoo.com,2019-07-30 14:33:41,2019-07-30 14:33:41
162,Lakeesha,Berge,"3692666",claude.johnston@gmail.com,2019-07-30 14:33:41,2019-07-30 14:33:41
163,Belle,Harris,"3504880",china@yahoo.com,2019-07-30 14:33:41,2019-07-30 14:33:41
164,Frida,Robel,"3198520",johnathan@gmail.com,2019-07-30 14:33:41,2019-07-30 14:33:41
165,Pamelia,Harber,"3519688",eugena.johnston@yahoo.com,2019-07-30 14:33:41,2019-07-30 14:33:41
166,Evelyne,Gaylord,"3745380",theresa@hotmail.com,2019-07-30 14:33:41,2019-07-30 14:33:41
167,Danial,Beatty,"3288313",reena_gusikowski@yahoo.com,2019-07-30 14:33:41,2019-07-30 14:33:41
168,Parker,Mosciski,"3373617",bennett@gmail.com,2019-07-30 14:33:41,2019-07-30 14:33:41
169,Gregory,Parisian,"3155471",ashlie@yahoo.com,2019-07-30 14:33:41,2019-07-30 14:33:41
170,Delphia,Collier,"3919539",garnet@gmail.com,2019-07-30 14:33:41,2019-07-30 14:33:41
171,Clay,Becker,"3665874",france@yahoo.com,2019-07-30 14:33:41,2019-07-30 14:33:41
172,Jada,Mueller,"3649030",elane_kautzer@hotmail.com,2019-07-30 14:33:41,2019-07-30 14:33:41
173,Gilbert,Hand,"3308419",era.jacobson@gmail.com,2019-07-30 14:33:41,2019-07-30 14:33:41
174,Frankie,Wolf,"3351346",tammera@yahoo.com,2019-07-30 14:33:41,2019-07-30 14:33:41
175,Corey,Hoeger,"3176472",corey@gmail.com,2019-07-30 14:33:41,2019-07-30 14:33:41
176,Willie,Blanda,"3378287",kareem@gmail.com,2019-07-30 14:33:41,2019-07-30 14:33:41
177,Davis,Wolff,"3217955",klara@hotmail.com,2019-07-30 14:33:41,2019-07-30 14:33:41
178,Clemente,Rice,"3621515",morgan_kerluke@gmail.com,2019-07-30 14:33:41,2019-07-30 14:33:41
179,Francie,Borer,"3154241",anibal.weinat@gmail.com,2019-07-30 14:33:41,2019-07-30 14:33:41
180,Ehtel,Kessler,"3290960",belia_quitzon@gmail.com,2019-07-30 14:33:42,2019-07-30 14:33:42
181,Noah,Marks,"3555160",david_kirlin@hotmail.com,2019-07-30 14:33:42,2019-07-30 14:33:42
182,Belia,Jenkins,"3845944",brady@hotmail.com,2019-07-30 14:33:42,2019-07-30 14:33:42
183,Devon,Medhurst,"3376316",junior@gmail.com,2019-07-30 14:33:42,2019-07-30 14:33:42
184,Talisha,Hintz,"3870249",daryl_greenholt@gmail.com,2019-07-30 14:33:42,2019-07-30 14:33:42
185,Cherie,Ankunding,"3548894",kyong@gmail.com,2019-07-30 14:33:42,2019-07-30 14:33:42
186,Carlos,Becker,"3355938",amira@gmail.com,2019-07-30 14:33:42,2019-07-30 14:33:42
187,Lanny,Kris,"3784544",darwin@gmail.com,2019-07-30 14:33:42,2019-07-30 14:33:42
188,Zenia,Steuber,"3423136",long@hotmail.com,2019-07-30 14:33:42,2019-07-30 14:33:42
189,Conception,Sawayn,"3310450",shin.carter@gmail.com,2019-07-30 14:33:42,2019-07-30 14:33:42
190,Margarita,Altenwerth,"3113585",chantay@yahoo.com,2019-07-30 14:33:42,2019-07-30 14:33:42
191,Collin,Kozey,"3201869",anthony_rolfson@gmail.com,2019-07-30 14:33:42,2019-07-30 14:33:42
192,Alycia,Pfannerstill,"3877004",velda@gmail.com,2019-07-30 14:33:42,2019-07-30 14:33:42
193,Clint,Jones,"3972553",maile.mann@gmail.com,2019-07-30 14:33:42,2019-07-30 14:33:42
194,Sari,Oberbrunner,"3391763",zack_keebler@yahoo.com,2019-07-30 14:33:42,2019-07-30 14:33:42
195,Leighann,Blick,"3281985",shenna_hayes@gmail.com,2019-07-30 14:33:42,2019-07-30 14:33:42
196,Carylon,Franecki,"3540853",alva@hotmail.com,2019-07-30 14:33:42,2019-07-30 14:33:42
197,Ivy,Kuphal,"3480135",donald.conroy@yahoo.com,2019-07-30 14:33:42,2019-07-30 14:33:42
198,Britteny,Mayer,"3673507",ezekiel@hotmail.com,2019-07-30 14:33:42,2019-07-30 14:33:42
199,Else,O'Kon,"3164733",joe@yahoo.com,2019-07-30 14:33:42,2019-07-30 14:33:42
200,Virgilio,Weber,"3761589",echo_watsica@hotmail.com,2019-07-30 14:33:42,2019-07-30 14:33:42
201,Annemarie,Marvin,"3224920",magdalene_medhurst@hotmail.com,2019-07-30 14:33:42,2019-07-30 14:33:42
202,Lionel,Ledner,"3887669",melani.weimann@hotmail.com,2019-07-30 14:33:42,2019-07-30 14:33:42
203,Jacqualine,Thompson,"3578349",lavada_schmeler@hotmail.com,2019-07-30 14:33:42,2019-07-30 14:33:42
204,Stanton,Koepp,"3570278",charlotte.collins@yahoo.com,2019-07-30 14:33:42,2019-07-30 14:33:42
205,Micah,Windler,"3375342",edith@gmail.com,2019-07-30 14:33:42,2019-07-30 14:33:42
206,Minh,Koch,"3991215",federico.kautzer@gmail.com,2019-07-30 14:33:42,2019-07-30 14:33:42
207,Beau,Towne,"3327695",bill@yahoo.com,2019-07-30 14:33:42,2019-07-30 14:33:42
208,Ruthann,Brakus,"3989559",angelica@gmail.com,2019-07-30 14:33:42,2019-07-30 14:33:42
209,Pearline,Bradtke,"3814064",stevie.herman@gmail.com,2019-07-30 14:33:42,2019-07-30 14:33:42
210,Octavia,Halvorson,"3657424",siu@yahoo.com,2019-07-30 14:33:42,2019-07-30 14:33:42
211,Bettyann,Toy,"3444269",harrison@hotmail.com,2019-07-30 14:33:42,2019-07-30 14:33:42
212,Mohammed,Rohan,"3668213",beau.jaskolski@yahoo.com,2019-07-30 14:33:42,2019-07-30 14:33:42
213,Rodolfo,Cole,"3340475",anthony_jacobs@gmail.com,2019-07-30 14:33:42,2019-07-30 14:33:42
214,Laura,Reilly,"3991601",alesia@yahoo.com,2019-07-30 14:33:42,2019-07-30 14:33:42
215,Abdul,O'Kon,"3870427",marsha@hotmail.com,2019-07-30 14:33:42,2019-07-30 14:33:42
216,Chris,Waelchi,"3790099",brittaney_ratke@gmail.com,2019-07-30 14:33:42,2019-07-30 14:33:42
217,Lula,Mraz,"3216367",arlinda.sanford@hotmail.com,2019-07-30 14:33:42,2019-07-30 14:33:42
218,Anita,Ward,"3427898",ivory@hotmail.com,2019-07-30 14:33:42,2019-07-30 14:33:42
219,Angle,Kling,"3400370",jarred_brakus@gmail.com,2019-07-30 14:33:42,2019-07-30 14:33:42
220,Joesph,Padberg,"3808748",bruce_spencer@hotmail.com,2019-07-30 14:33:42,2019-07-30 14:33:42
221,Sheldon,Beier,"3691668",patricia@yahoo.com,2019-07-30 14:33:42,2019-07-30 14:33:42
222,Ned,Gerhold,"3929322",michelle.oconner@yahoo.com,2019-07-30 14:33:42,2019-07-30 14:33:42
223,Saul,Carter,"3125722",kendrick@yahoo.com,2019-07-30 14:33:42,2019-07-30 14:33:42
224,Ramon,Satterfield,"3507654",granville@hotmail.com,2019-07-30 14:33:42,2019-07-30 14:33:42
225,Reed,Frami,"3977170",etta@yahoo.com,2019-07-30 14:33:42,2019-07-30 14:33:42
226,Randal,Littel,"3139478",kermit@hotmail.com,2019-07-30 14:33:42,2019-07-30 14:33:42
227,Nickolas,Mayer,"3794596",reggie@gmail.com,2019-07-30 14:33:42,2019-07-30 14:33:42
228,Andres,Swaniawski,"3487889",cleotilde@hotmail.com,2019-07-30 14:33:42,2019-07-30 14:33:42
229,Carley,Hilll,"3580737",fern.ferry@yahoo.com,2019-07-30 14:33:42,2019-07-30 14:33:42
230,Troy,Goodwin,"3533192",cammie@hotmail.com,2019-07-30 14:33:42,2019-07-30 14:33:42
231,Isaias,Jenkins,"3639426",mauricio.wolf@hotmail.com,2019-07-30 14:33:42,2019-07-30 14:33:42
232,Lois,Herzog,"3268815",mel@yahoo.com,2019-07-30 14:33:42,2019-07-30 14:33:42
233,Darius,Streich,"3731499",seymour.grimes@hotmail.com,2019-07-30 14:33:42,2019-07-30 14:33:42
234,Sharyl,Kshlerin,"3682762",loriann.hegmann@hotmail.com,2019-07-30 14:33:42,2019-07-30 14:33:42
235,Corey,Ullrich,"3714311",chad.olson@hotmail.com,2019-07-30 14:33:42,2019-07-30 14:33:42
236,Joseph,Schneider,"3105504",tommy@yahoo.com,2019-07-30 14:33:42,2019-07-30 14:33:42
237,Katherine,West,"3735004",damian@hotmail.com,2019-07-30 14:33:42,2019-07-30 14:33:42
238,Chantal,Smith,"3134209",andria.gibson@yahoo.com,2019-07-30 14:33:42,2019-07-30 14:33:42
239,Dewey,Leuschke,"3920022",demetrius_ryan@hotmail.com,2019-07-30 14:33:42,2019-07-30 14:33:42
240,Ahmed,Herzog,"3293113",miquel@hotmail.com,2019-07-30 14:33:42,2019-07-30 14:33:42
241,Clark,Wunsch,"3334090",ronald_schmidt@gmail.com,2019-07-30 14:33:42,2019-07-30 14:33:42
242,Geraldine,Roberts,"3900900",kizzie@hotmail.com,2019-07-30 14:33:42,2019-07-30 14:33:42
243,Rocco,Moore,"3260771",bettyann@hotmail.com,2019-07-30 14:33:42,2019-07-30 14:33:42
244,Gabriel,Wilkinson,"3703529",chas.bechtelar@hotmail.com,2019-07-30 14:33:42,2019-07-30 14:33:42
245,Margurite,Macejkovic,"3579649",zachariah@gmail.com,2019-07-30 14:33:42,2019-07-30 14:33:42
246,Jackson,Gislason,"3479914",elza_douglas@gmail.com,2019-07-30 14:33:42,2019-07-30 14:33:42
247,Chante,Williamson,"3136735",zackary@gmail.com,2019-07-30 14:33:42,2019-07-30 14:33:42
248,Jaymie,Hills,"3367047",dominic@hotmail.com,2019-07-30 14:33:42,2019-07-30 14:33:42
249,Rene,Koss,"3854162",humberto@gmail.com,2019-07-30 14:33:42,2019-07-30 14:33:42
250,Brent,Effertz,"3507159",delmy@hotmail.com,2019-07-30 14:33:42,2019-07-30 14:33:42
251,Quidem porro eos. Saepe sit qui. Dolores nemo repudian.,Walsh,"3843893",ray_mohr@gmail.com,2019-07-30 14:33:54,2019-07-30 14:33:54
252,Molestiae dicta laborum. Suscipit excepturi et. Volupt.,Padberg,"3913090",fiona@yahoo.com,2019-07-30 14:33:54,2019-07-30 14:33:54
253,Ex eum ipsum. Id suscipit rerum. Incidunt ad nihil. Of.,Monahan,"3188786",laila@gmail.com,2019-07-30 14:33:54,2019-07-30 14:33:54
254,Repellendus quia modi. Cupiditate voluptas et. Ducimus.,Carter,"3639340",vincenzo@gmail.com,2019-07-30 14:33:54,2019-07-30 14:33:54
255,Dolor aut voluptatem. Reiciendis consequatur iusto. Is.,Ratke,"3162315",javier_vandervort@yahoo.com,2019-07-30 14:33:54,2019-07-30 14:33:54
256,Rem voluptas maxime. Odio dolorum porro. Suscipit aspe.,Rath,"3398638",rowena.pfeffer@gmail.com,2019-07-30 14:33:54,2019-07-30 14:33:54
257,Perspiciatis hic et. Cum velit eum. Id neque sed. Dolo.,Wiegand,"3514130",renda@yahoo.com,2019-07-30 14:33:54,2019-07-30 14:33:54
258,Quibusdam assumenda totam. Architecto ipsum nihil. Qui.,Corkery,"3136018",kathlyn@hotmail.com,2019-07-30 14:33:54,2019-07-30 14:33:54
259,Itaque aliquid odio. Voluptatem dicta sunt. Corporis l.,Gerhold,"3661901",marielle.bergnaum@hotmail.com,2019-07-30 14:33:54,2019-07-30 14:33:54
260,Qui non sit. Corporis distinctio itaque. Delectus elig.,Willms,"3715248",millicent_corkery@yahoo.com,2019-07-30 14:33:54,2019-07-30 14:33:54
261,Isaac,bgJCorsc96,"3848585",leland_abernathy@gmail.com,2019-07-30 14:33:54,2019-07-30 14:33:54
262,Vella,Hr95YKJz31,"3851781",scotty@gmail.com,2019-07-30 14:33:54,2019-07-30 14:33:54
263,Devin,"8r7155p388","3947629",tyra@yahoo.com,2019-07-30 14:33:54,2019-07-30 14:33:54
264,Amos,e5lZ10O7d0,"3279860",hyman@yahoo.com,2019-07-30 14:33:54,2019-07-30 14:33:54
265,Bonny,"3712E724j7","3563170",tori@gmail.com,2019-07-30 14:33:54,2019-07-30 14:33:54
266,Maud,"66Pi1I959w","3257839",ashli_koelpin@yahoo.com,2019-07-30 14:33:54,2019-07-30 14:33:54
267,Anderson,YG19mF60Co,"3424451",harrison@gmail.com,2019-07-30 14:33:54,2019-07-30 14:33:54
268,George,"025v2vd8F2","3573808",emil.king@yahoo.com,2019-07-30 14:33:54,2019-07-30 14:33:54
269,Freeman,"324797PZkk","3755055",billie_balistreri@hotmail.com,2019-07-30 14:33:54,2019-07-30 14:33:54
270,Selene,f9z372w012,"3996992",johnny.turcotte@yahoo.com,2019-07-30 14:33:54,2019-07-30 14:33:54
271,Ettie,Raynor,"3719210",bernier@albertha@botsford.org,2019-07-30 14:33:54,2019-07-30 14:33:54
272,Miquel,Hickle,"3697978",dickens@domenica@price.info,2019-07-30 14:33:54,2019-07-30 14:33:54
273,Perry,Streich,"3515250",bechtelar@shanelle@jonesrath.co,2019-07-30 14:33:54,2019-07-30 14:33:54
274,Shaquita,Jerde,"3799726",randell@runte@boyer.io,2019-07-30 14:33:54,2019-07-30 14:33:54
275,Terence,MacGyver,"3914023",reichert@carrie@oreillykiehn.info,2019-07-30 14:33:54,2019-07-30 14:33:54
276,Vilma,Rosenbaum,"3277814",dusti@daugherty@collinsvolkman.biz,2019-07-30 14:33:54,2019-07-30 14:33:54
277,Andrea,Kuhlman,"3805345",cythia@conn@metz.info,2019-07-30 14:33:54,2019-07-30 14:33:54
278,Raleigh,Mueller,"3300849",wolff@maximo@lowe.com,2019-07-30 14:33:54,2019-07-30 14:33:54
279,Dallas,Bahringer,"3696509",hills@leif@purdy.com,2019-07-30 14:33:54,2019-07-30 14:33:54
280,Lorene,Ernser,"3233244",abernathy@shanel@barrowsjerde.info,2019-07-30 14:33:54,2019-07-30 14:33:54
281,Marcelino,Durgan,"81B1k95aw1",conrad.cruickshank@gmail.com,2019-07-30 14:33:54,2019-07-30 14:33:54
282,Ivana,Hickle,nd474M26P7,pamala@gmail.com,2019-07-30 14:33:54,2019-07-30 14:33:54
283,Brooks,Stiedemann,"17u077hbD5",hana_armstrong@hotmail.com,2019-07-30 14:33:54,2019-07-30 14:33:54
284,Charisse,Grady,d8s7D39T8Z,lynn.hansen@hotmail.com,2019-07-30 14:33:54,2019-07-30 14:33:54
285,Patrica,Jenkins,X75CbwSJ44,hilton@hotmail.com,2019-07-30 14:33:54,2019-07-30 14:33:54
286,Cristie,Okuneva,bBV01F4Z25,elise@hotmail.com,2019-07-30 14:33:54,2019-07-30 14:33:54
287,Halina,Daugherty,q55G4M4FsB,porter@yahoo.com,2019-07-30 14:33:54,2019-07-30 14:33:54
288,Rudy,Rogahn,x22hl723z4,alberto@hotmail.com,2019-07-30 14:33:54,2019-07-30 14:33:54
289,Raymond,Bechtelar,wl959p4506,porsha@hotmail.com,2019-07-30 14:33:54,2019-07-30 14:33:54
290,Sherlyn,Blanda,"6W90Boma9F",eli@gmail.com,2019-07-30 14:33:54,2019-07-30 14:33:54
291,Odell,Friesen,"3543765201",sharyn@yahoo.com,2019-07-30 14:33:54,2019-07-30 14:33:54
292,Greg,Heaney,"3214789471",trinh_bogisich@yahoo.com,2019-07-30 14:33:54,2019-07-30 14:33:54
293,Mitchel,Lindgren,"3623613230",ruell@gmail.com,2019-07-30 14:33:54,2019-07-30 14:33:54
294,Stepanie,Metz,"3319661761",hosea@hotmail.com,2019-07-30 14:33:54,2019-07-30 14:33:54
295,Kendrick,Monahan,"3943732939",caroll@yahoo.com,2019-07-30 14:33:54,2019-07-30 14:33:54
296,Randall,Schuppe,"3560945776",terry.romaguera@gmail.com,2019-07-30 14:33:54,2019-07-30 14:33:54
297,Nick,Walker,"3612742916",estell.wehner@hotmail.com,2019-07-30 14:33:54,2019-07-30 14:33:54
298,Yanira,Hintz,"3930873880",micheal@yahoo.com,2019-07-30 14:33:54,2019-07-30 14:33:54
299,Bert,Parisian,"3410017088",pam@hotmail.com,2019-07-30 14:33:54,2019-07-30 14:33:54
300,Hong,Parisian,"3520775975",janetta@yahoo.com,2019-07-30 14:33:54,2019-07-30 14:33:54
